Workbook
Name Cantidades1: Origen!$F$2:$F$431
Name Meses1: Origen!#REF!
Name Productos1: Origen!$D$2:$D$431
Name Sedes1: Origen!$B$2:$B$431
Name Valores1: Origen!$E$2:$E$431
Name Vendedores1: Origen!$G$2:$G$431
Name Ventas1: Origen!$I$2:$I$431
Name Zonas1: Origen!$H$2:$H$431

Sheet Origen
A1: Id_Venta | B1: Sede | C1: Fechas | D1: Productos | E1: Valor | F1: Cantidad | G1: Vendedor | H1: Zonas | I1: Total_Ventas | J1: Años | K1: Mes | L1: Días | M1: Mes2 | P1: Resumen No1
A2: 1 | B2: A | C2: 45488 | D2: Producto-0023 | E2: 15482 | F2: 86 | G2: Vendedor-001 | H2: Norte | I2: =Origen!$F2*Origen!$E2 -> 1331452 | J2: =VLOOKUP(A:A,Anexos!A:B,2,0) -> 2024 | K2: =_xlfn.XLOOKUP(A:A,Anexos!A:A,Anexos!C:C,"No se encuentra",0) -> 7 | L2: =VLOOKUP(A:A,Anexos!A:E,5,0) -> lunes | M2: =VLOOKUP(A:A,Anexos!A:F,6,0) -> julio | P2: Total | Q2: =SUM(Base1[Total_Ventas]) -> 398281977
A3: 2 | B3: B | C3: 45311 | D3: Producto-0024 | E3: 19159 | F3: 30 | G3: Vendedor-002 | H3: Sur | I3: =Origen!$F3*Origen!$E3 -> 574770 | J3: =VLOOKUP(A:A,Anexos!A:B,2,0) -> 2024 | K3: =_xlfn.XLOOKUP(A:A,Anexos!A:A,Anexos!C:C,"No se encuentra",0) -> 1 | L3: =VLOOKUP(A:A,Anexos!A:E,5,0) -> sábado | M3: =VLOOKUP(A:A,Anexos!A:F,6,0) -> enero | P3: Promedio | Q3: =AVERAGE(Base1[Total_Ventas]) -> 926237.16
A4: 3 | B4: C | C4: 45141 | D4: Producto-0025 | E4: 17523 | F4: 64 | G4: Vendedor-003 | H4: Este | I4: =Origen!$F4*Origen!$E4 -> 1121472 | J4: =VLOOKUP(A:A,Anexos!A:B,2,0) -> 2023 | K4: =_xlfn.XLOOKUP(A:A,Anexos!A:A,Anexos!C:C,"No se encuentra",0) -> 8 | L4: =VLOOKUP(A:A,Anexos!A:E,5,0) -> jueves | M4: =VLOOKUP(A:A,Anexos!A:F,6,0) -> agosto | P4: Máximo | Q4: =MAX(Base1[Total_Ventas]) -> 1947300
A5: 4 | B5: A | C5: 45302 | D5: Producto-0026 | E5: 19473 | F5: 98 | G5: Vendedor-004 | H5: Oeste | I5: =Origen!$F5*Origen!$E5 -> 1908354 | J5: =VLOOKUP(A:A,Anexos!A:B,2,0) -> 2024 | K5: =_xlfn.XLOOKUP(A:A,Anexos!A:A,Anexos!C:C,"No se encuentra",0) -> 1 | L5: =VLOOKUP(A:A,Anexos!A:E,5,0) -> jueves | M5: =VLOOKUP(A:A,Anexos!A:F,6,0) -> enero | P5: Mínimo | Q5: =MIN(Base1[Total_Ventas]) -> 142710
A6: 5 | B6: B | C6: 45939 | D6: Producto-0027 | E6: 18811 | F6: 32 | G6: Vendedor-001 | H6: Norte | I6: =Origen!$F6*Origen!$E6 -> 601952 | J6: =VLOOKUP(A:A,Anexos!A:B,2,0) -> 2025 | K6: =_xlfn.XLOOKUP(A:A,Anexos!A:A,Anexos!C:C,"No se encuentra",0) -> 10 | L6: =VLOOKUP(A:A,Anexos!A:E,5,0) -> jueves | M6: =VLOOKUP(A:A,Anexos!A:F,6,0) -> octubre | P6: Mediana | Q6: =MEDIAN(Base1[Total_Ventas]) -> 943144
A7: 6 | B7: C | C7: 45740 | D7: Producto-0028 | E7: 19176 | F7: 49 | G7: Vendedor-002 | H7: Sur | I7: =Origen!$F7*Origen!$E7 -> 939624 | J7: =VLOOKUP(A:A,Anexos!A:B,2,0) -> 2025 | K7: =_xlfn.XLOOKUP(A:A,Anexos!A:A,Anexos!C:C,"No se encuentra",0) -> 3 | L7: =VLOOKUP(A:A,Anexos!A:E,5,0) -> lunes | M7: =VLOOKUP(A:A,Anexos!A:F,6,0) -> marzo | P7: Moda | Q7: =_xlfn.MODE.SNGL(Base1[Total_Ventas]) -> 939624
A8: 7 | B8: A | C8: 45794 | D8: Producto-0029 | E8: 18185 | F8: 76 | G8: Vendedor-003 | H8: Este | I8: =Origen!$F8*Origen!$E8 -> 1382060 | J8: =VLOOKUP(A:A,Anexos!A:B,2,0) -> 2025 | K8: =_xlfn.XLOOKUP(A:A,Anexos!A:A,Anexos!C:C,"No se encuentra",0) -> 5 | L8: =VLOOKUP(A:A,Anexos!A:E,5,0) -> sábado | M8: =VLOOKUP(A:A,Anexos!A:F,6,0) -> mayo | P8: No Elementos | Q8: =COUNT(Base1[Total_Ventas]) -> 430
A9: 8 | B9: B | C9: 45028 | D9: Producto-0030 | E9: 15045 | F9: 65 | G9: Vendedor-004 | H9: Oeste | I9: =Origen!$F9*Origen!$E9 -> 977925 | J9: =VLOOKUP(A:A,Anexos!A:B,2,0) -> 2023 | K9: =_xlfn.XLOOKUP(A:A,Anexos!A:A,Anexos!C:C,"No se encuentra",0) -> 4 | L9: =VLOOKUP(A:A,Anexos!A:E,5,0) -> miércoles | M9: =VLOOKUP(A:A,Anexos!A:F,6,0) -> abril
A10: 9 | B10: C | C10: 45969 | D10: Producto-0031 | E10: 14271 | F10: 51 | G10: Vendedor-001 | H10: Norte | I10: =Origen!$F10*Origen!$E10 -> 727821 | J10: =VLOOKUP(A:A,Anexos!A:B,2,0) -> 2025 | K10: =_xlfn.XLOOKUP(A:A,Anexos!A:A,Anexos!C:C,"No se encuentra",0) -> 11 | L10: =VLOOKUP(A:A,Anexos!A:E,5,0) -> sábado | M10: =VLOOKUP(A:A,Anexos!A:F,6,0) -> noviembre
A11: 10 | B11: A | C11: 45954 | D11: Producto-0032 | E11: 12361 | F11: 42 | G11: Vendedor-002 | H11: Sur | I11: =Origen!$F11*Origen!$E11 -> 519162 | J11: =VLOOKUP(A:A,Anexos!A:B,2,0) -> 2025 | K11: =_xlfn.XLOOKUP(A:A,Anexos!A:A,Anexos!C:C,"No se encuentra",0) -> 10 | L11: =VLOOKUP(A:A,Anexos!A:E,5,0) -> viernes | M11: =VLOOKUP(A:A,Anexos!A:F,6,0) -> octubre
A12: 11 | B12: B | C12: 45342 | D12: Producto-0033 | E12: 14933 | F12: 63 | G12: Vendedor-003 | H12: Este | I12: =Origen!$F12*Origen!$E12 -> 940779 | J12: =VLOOKUP(A:A,Anexos!A:B,2,0) -> 2024 | K12: =_xlfn.XLOOKUP(A:A,Anexos!A:A,Anexos!C:C,"No se encuentra",0) -> 2 | L12: =VLOOKUP(A:A,Anexos!A:E,5,0) -> martes | M12: =VLOOKUP(A:A,Anexos!A:F,6,0) -> febrero
A13: 12 | B13: C | C13: 45346 | D13: Producto-0023 | E13: 15482 | F13: 86 | G13: Vendedor-004 | H13: Oeste | I13: =Origen!$F13*Origen!$E13 -> 1331452 | J13: =VLOOKUP(A:A,Anexos!A:B,2,0) -> 2024 | K13: =_xlfn.XLOOKUP(A:A,Anexos!A:A,Anexos!C:C,"No se encuentra",0) -> 2 | L13: =VLOOKUP(A:A,Anexos!A:E,5,0) -> sábado | M13: =VLOOKUP(A:A,Anexos!A:F,6,0) -> febrero
A14: 13 | B14: A | C14: 45579 | D14: Producto-0024 | E14: 19159 | F14: 97 | G14: Vendedor-001 | H14: Norte | I14: =Origen!$F14*Origen!$E14 -> 1858423 | J14: =VLOOKUP(A:A,Anexos!A:B,2,0) -> 2024 | K14: =_xlfn.XLOOKUP(A:A,Anexos!A:A,Anexos!C:C,"No se encuentra",0) -> 10 | L14: =VLOOKUP(A:A,Anexos!A:E,5,0) -> lunes | M14: =VLOOKUP(A:A,Anexos!A:F,6,0) -> octubre
A15: 14 | B15: B | C15: 45664 | D15: Producto-0025 | E15: 17523 | F15: 88 | G15: Vendedor-002 | H15: Sur | I15: =Origen!$F15*Origen!$E15 -> 1542024 | J15: =VLOOKUP(A:A,Anexos!A:B,2,0) -> 2025 | K15: =_xlfn.XLOOKUP(A:A,Anexos!A:A,Anexos!C:C,"No se encuentra",0) -> 1 | L15: =VLOOKUP(A:A,Anexos!A:E,5,0) -> martes | M15: =VLOOKUP(A:A,Anexos!A:F,6,0) -> enero
A16: 15 | B16: C | C16: 45907 | D16: Producto-0026 | E16: 19473 | F16: 27 | G16: Vendedor-003 | H16: Este | I16: =Origen!$F16*Origen!$E16 -> 525771 | J16: =VLOOKUP(A:A,Anexos!A:B,2,0) -> 2025 | K16: =_xlfn.XLOOKUP(A:A,Anexos!A:A,Anexos!C:C,"No se encuentra",0) -> 9 | L16: =VLOOKUP(A:A,Anexos!A:E,5,0) -> domingo | M16: =VLOOKUP(A:A,Anexos!A:F,6,0) -> septiembre
A17: 16 | B17: A | C17: 45502 | D17: Producto-0027 | E17: 18811 | F17: 57 | G17: Vendedor-001 | H17: Oeste | I17: =Origen!$F17*Origen!$E17 -> 1072227 | J17: =VLOOKUP(A:A,Anexos!A:B,2,0) -> 2024 | K17: =_xlfn.XLOOKUP(A:A,Anexos!A:A,Anexos!C:C,"No se encuentra",0) -> 7 | L17: =VLOOKUP(A:A,Anexos!A:E,5,0) -> lunes | M17: =VLOOKUP(A:A,Anexos!A:F,6,0) -> julio
A18: 17 | B18: B | C18: 45023 | D18: Producto-0028 | E18: 19176 | F18: 58 | G18: Vendedor-002 | H18: Norte | I18: =Origen!$F18*Origen!$E18 -> 1112208 | J18: =VLOOKUP(A:A,Anexos!A:B,2,0) -> 2023 | K18: =_xlfn.XLOOKUP(A:A,Anexos!A:A,Anexos!C:C,"No se encuentra",0) -> 4 | L18: =VLOOKUP(A:A,Anexos!A:E,5,0) -> viernes | M18: =VLOOKUP(A:A,Anexos!A:F,6,0) -> abril
A19: 18 | B19: C | C19: 45211 | D19: Producto-0029 | E19: 18185 | F19: 70 | G19: Vendedor-003 | H19: Sur | I19: =Origen!$F19*Origen!$E19 -> 1272950 | J19: =VLOOKUP(A:A,Anexos!A:B,2,0) -> 2023 | K19: =_xlfn.XLOOKUP(A:A,Anexos!A:A,Anexos!C:C,"No se encuentra",0) -> 10 | L19: =VLOOKUP(A:A,Anexos!A:E,5,0) -> jueves | M19: =VLOOKUP(A:A,Anexos!A:F,6,0) -> octubre
A20: 19 | B20: A | C20: 45425 | D20: Producto-0030 | E20: 15045 | F20: 88 | G20: Vendedor-004 | H20: Este | I20: =Origen!$F20*Origen!$E20 -> 1323960 | J20: =VLOOKUP(A:A,Anexos!A:B,2,0) -> 2024 | K20: =_xlfn.XLOOKUP(A:A,Anexos!A:A,Anexos!C:C,"No se encuentra",0) -> 5 | L20: =VLOOKUP(A:A,Anexos!A:E,5,0) -> lunes | M20: =VLOOKUP(A:A,Anexos!A:F,6,0) -> mayo
... A431: 430 | B431: A | C431: 45833 | D431: Producto-0033 | E431: 14933 | F431: 91 | G431: Vendedor-003 | H431: Sur | I431: =Origen!$F431*Origen!$E431 -> 1358903 | J431: =VLOOKUP(A:A,Anexos!A:B,2,0) -> 2025 | K431: =_xlfn.XLOOKUP(A:A,Anexos!A:A,Anexos!C:C,"No se encuentra",0) -> 6 | L431: =VLOOKUP(A:A,Anexos!A:E,5,0) -> miércoles | M431: =VLOOKUP(A:A,Anexos!A:F,6,0) -> junio

Sheet Anexos
A1: Id_Venta | B1: Años | C1: Mes | D1: Días | E1: Nombre Días3 | F1: Nombre Mes | G1: Días Transcurridos | H1: Años Transcurridos
A2: 1 | B2: =YEAR(Base1[[#This Row],[Fechas]]) -> 2024 | C2: =MONTH(Base1[[#This Row],[Fechas]]) -> 7 | D2: =DAY(Base1[[#This Row],[Fechas]]) -> 15 | E2: =TEXT(Base1[[#This Row],[Fechas]],"DDDD") -> lunes | F2: =TEXT(Base1[[#This Row],[Fechas]],"MMMM") -> julio | G2: =_xlfn.DAYS(TODAY(),Base1[[#This Row],[Fechas]]) -> 709 | H2: =BaseA[[#This Row],[Días Transcurridos]]/360 -> 1.9694444
A3: 2 | B3: =YEAR(Base1[[#This Row],[Fechas]]) -> 2024 | C3: =MONTH(Base1[[#This Row],[Fechas]]) -> 1 | D3: =DAY(Base1[[#This Row],[Fechas]]) -> 20 | E3: =TEXT(Base1[[#This Row],[Fechas]],"DDDD") -> sábado | F3: =TEXT(Base1[[#This Row],[Fechas]],"MMMM") -> enero | G3: =_xlfn.DAYS(TODAY(),Base1[[#This Row],[Fechas]]) -> 886 | H3: =BaseA[[#This Row],[Días Transcurridos]]/360 -> 2.4611111
A4: 3 | B4: =YEAR(Base1[[#This Row],[Fechas]]) -> 2023 | C4: =MONTH(Base1[[#This Row],[Fechas]]) -> 8 | D4: =DAY(Base1[[#This Row],[Fechas]]) -> 3 | E4: =TEXT(Base1[[#This Row],[Fechas]],"DDDD") -> jueves | F4: =TEXT(Base1[[#This Row],[Fechas]],"MMMM") -> agosto | G4: =_xlfn.DAYS(TODAY(),Base1[[#This Row],[Fechas]]) -> 1056 | H4: =BaseA[[#This Row],[Días Transcurridos]]/360 -> 2.9333333
A5: 4 | B5: =YEAR(Base1[[#This Row],[Fechas]]) -> 2024 | C5: =MONTH(Base1[[#This Row],[Fechas]]) -> 1 | D5: =DAY(Base1[[#This Row],[Fechas]]) -> 11 | E5: =TEXT(Base1[[#This Row],[Fechas]],"DDDD") -> jueves | F5: =TEXT(Base1[[#This Row],[Fechas]],"MMMM") -> enero | G5: =_xlfn.DAYS(TODAY(),Base1[[#This Row],[Fechas]]) -> 895 | H5: =BaseA[[#This Row],[Días Transcurridos]]/360 -> 2.4861111
A6: 5 | B6: =YEAR(Base1[[#This Row],[Fechas]]) -> 2025 | C6: =MONTH(Base1[[#This Row],[Fechas]]) -> 10 | D6: =DAY(Base1[[#This Row],[Fechas]]) -> 9 | E6: =TEXT(Base1[[#This Row],[Fechas]],"DDDD") -> jueves | F6: =TEXT(Base1[[#This Row],[Fechas]],"MMMM") -> octubre | G6: =_xlfn.DAYS(TODAY(),Base1[[#This Row],[Fechas]]) -> 258 | H6: =BaseA[[#This Row],[Días Transcurridos]]/360 -> 0.71666667
A7: 6 | B7: =YEAR(Base1[[#This Row],[Fechas]]) -> 2025 | C7: =MONTH(Base1[[#This Row],[Fechas]]) -> 3 | D7: =DAY(Base1[[#This Row],[Fechas]]) -> 24 | E7: =TEXT(Base1[[#This Row],[Fechas]],"DDDD") -> lunes | F7: =TEXT(Base1[[#This Row],[Fechas]],"MMMM") -> marzo | G7: =_xlfn.DAYS(TODAY(),Base1[[#This Row],[Fechas]]) -> 457 | H7: =BaseA[[#This Row],[Días Transcurridos]]/360 -> 1.2694444
A8: 7 | B8: =YEAR(Base1[[#This Row],[Fechas]]) -> 2025 | C8: =MONTH(Base1[[#This Row],[Fechas]]) -> 5 | D8: =DAY(Base1[[#This Row],[Fechas]]) -> 17 | E8: =TEXT(Base1[[#This Row],[Fechas]],"DDDD") -> sábado | F8: =TEXT(Base1[[#This Row],[Fechas]],"MMMM") -> mayo | G8: =_xlfn.DAYS(TODAY(),Base1[[#This Row],[Fechas]]) -> 403 | H8: =BaseA[[#This Row],[Días Transcurridos]]/360 -> 1.1194444
A9: 8 | B9: =YEAR(Base1[[#This Row],[Fechas]]) -> 2023 | C9: =MONTH(Base1[[#This Row],[Fechas]]) -> 4 | D9: =DAY(Base1[[#This Row],[Fechas]]) -> 12 | E9: =TEXT(Base1[[#This Row],[Fechas]],"DDDD") -> miércoles | F9: =TEXT(Base1[[#This Row],[Fechas]],"MMMM") -> abril | G9: =_xlfn.DAYS(TODAY(),Base1[[#This Row],[Fechas]]) -> 1169 | H9: =BaseA[[#This Row],[Días Transcurridos]]/360 -> 3.2472222
A10: 9 | B10: =YEAR(Base1[[#This Row],[Fechas]]) -> 2025 | C10: =MONTH(Base1[[#This Row],[Fechas]]) -> 11 | D10: =DAY(Base1[[#This Row],[Fechas]]) -> 8 | E10: =TEXT(Base1[[#This Row],[Fechas]],"DDDD") -> sábado | F10: =TEXT(Base1[[#This Row],[Fechas]],"MMMM") -> noviembre | G10: =_xlfn.DAYS(TODAY(),Base1[[#This Row],[Fechas]]) -> 228 | H10: =BaseA[[#This Row],[Días Transcurridos]]/360 -> 0.63333333
A11: 10 | B11: =YEAR(Base1[[#This Row],[Fechas]]) -> 2025 | C11: =MONTH(Base1[[#This Row],[Fechas]]) -> 10 | D11: =DAY(Base1[[#This Row],[Fechas]]) -> 24 | E11: =TEXT(Base1[[#This Row],[Fechas]],"DDDD") -> viernes | F11: =TEXT(Base1[[#This Row],[Fechas]],"MMMM") -> octubre | G11: =_xlfn.DAYS(TODAY(),Base1[[#This Row],[Fechas]]) -> 243 | H11: =BaseA[[#This Row],[Días Transcurridos]]/360 -> 0.675
A12: 11 | B12: =YEAR(Base1[[#This Row],[Fechas]]) -> 2024 | C12: =MONTH(Base1[[#This Row],[Fechas]]) -> 2 | D12: =DAY(Base1[[#This Row],[Fechas]]) -> 20 | E12: =TEXT(Base1[[#This Row],[Fechas]],"DDDD") -> martes | F12: =TEXT(Base1[[#This Row],[Fechas]],"MMMM") -> febrero | G12: =_xlfn.DAYS(TODAY(),Base1[[#This Row],[Fechas]]) -> 855 | H12: =BaseA[[#This Row],[Días Transcurridos]]/360 -> 2.375
A13: 12 | B13: =YEAR(Base1[[#This Row],[Fechas]]) -> 2024 | C13: =MONTH(Base1[[#This Row],[Fechas]]) -> 2 | D13: =DAY(Base1[[#This Row],[Fechas]]) -> 24 | E13: =TEXT(Base1[[#This Row],[Fechas]],"DDDD") -> sábado | F13: =TEXT(Base1[[#This Row],[Fechas]],"MMMM") -> febrero | G13: =_xlfn.DAYS(TODAY(),Base1[[#This Row],[Fechas]]) -> 851 | H13: =BaseA[[#This Row],[Días Transcurridos]]/360 -> 2.3638889
... A431: 430 | B431: =YEAR(Base1[[#This Row],[Fechas]]) -> 2025 | C431: =MONTH(Base1[[#This Row],[Fechas]]) -> 6 | D431: =DAY(Base1[[#This Row],[Fechas]]) -> 25 | E431: =TEXT(Base1[[#This Row],[Fechas]],"DDDD") -> miércoles | F431: =TEXT(Base1[[#This Row],[Fechas]],"MMMM") -> junio | G431: =_xlfn.DAYS(TODAY(),Base1[[#This Row],[Fechas]]) -> 364 | H431: =BaseA[[#This Row],[Días Transcurridos]]/360 -> 1.0111111

Sheet Consolidados
P2: BuscarV
P4: Id_Venta
P5: 50
B6: Productos | C6: Ventas Por Producto | E6: Zonas | F6: Ventas Por Zonas | H6: Vendedores | I6: Ventas por vendedores | K6: Productos | L6: No Ventas
B7: {=_xlfn.UNIQUE(Base1[Productos])} -> Producto-0023 | C7: {=SUMIF(Base1[Productos],_xlfn.ANCHORARRAY(B7),Base1[Total_Ventas])} -> 31103338 | E7: {=_xlfn.UNIQUE(Base1[Zonas])} -> Norte | F7: {=SUMIF(Base1[Zonas],_xlfn.ANCHORARRAY(E7),Base1[Total_Ventas])} -> 95591883 | H7: {=_xlfn.UNIQUE(Base1[Vendedor])} -> Vendedor-001 | I7: {=SUMIF(Base1[Vendedor],_xlfn.ANCHORARRAY(H7),Base1[Total_Ventas])} -> 99253948 | K7: {=_xlfn.UNIQUE(Base1[Productos])} -> Producto-0023 | L7: {=COUNTIF(Base1[Productos],_xlfn.ANCHORARRAY(K7))} -> 36 | P7: Sede | Q7: Fechas | R7: Productos | S7: Valor | T7: Cantidad | U7: Vendedor | V7: Zonas | W7: Total_Ventas
B8: Producto-0024 | C8: 36344623 | E8: Sur | F8: 100077711 | H8: Vendedor-002 | I8: 117773050 | K8: Producto-0024 | L8: 36 | P8: =VLOOKUP(P5,Origen!A:B,2,0) -> B | Q8: =VLOOKUP(P5,Origen!A:C,3,0) -> 45335 | R8: =VLOOKUP(P5,Origen!A:D,4,0) -> Producto-0025 | S8: =VLOOKUP(P5,Origen!A:E,5,0) -> 17523 | T8: =VLOOKUP(P5,Origen!A:F,6,0) -> 15 | U8: =VLOOKUP(P5,Origen!A:G,7,0) -> Vendedor-001 | V8: =VLOOKUP(P5,Origen!A:H,8,0) -> Sur | W8: =VLOOKUP(P5,Origen!A:I,9,0) -> 262845
B9: Producto-0025 | C9: 30612681 | E9: Este | F9: 96645841 | H9: Vendedor-003 | I9: 107003553 | K9: Producto-0025 | L9: 31
B10: Producto-0026 | C10: 33240411 | E10: Oeste | F10: 105966542 | H10: Vendedor-004 | I10: 74251426 | K10: Producto-0026 | L10: 31
B11: Producto-0027 | C11: 31019339 | K11: Producto-0027 | L11: 31 | P11: BuscarX
B12: Producto-0028 | C12: 51679320 | K12: Producto-0028 | L12: 45
B13: Producto-0029 | C13: 48172065 | K13: Producto-0029 | L13: 53 | P13: Id_Venta
B14: Producto-0030 | C14: 46158060 | K14: Producto-0030 | L14: 53 | P14: 10
B15: Producto-0031 | C15: 32295273 | K15: Producto-0031 | L15: 38
B16: Producto-0032 | C16: 26551428 | E16: Productos | F16: Promedio Ventas | H16: Sede | I16: Ventas por sede | K16: Producto-0032 | L16: 38 | P16: Sede | Q16: Fechas | R16: Productos | S16: Valor | T16: Cantidad | U16: Vendedor | V16: Zonas | W16: Total_Ventas
B17: Producto-0033 | C17: 31105439 | E17: {=_xlfn.UNIQUE(Base1[Productos])} -> Producto-0023 | F17: {=AVERAGEIF(Base1[Productos],_xlfn.ANCHORARRAY(E17),Base1[Total_Ventas])} -> 863981.61 | H17: {=_xlfn.UNIQUE(Base1[Sede])} -> A | I17: {=AVERAGEIF(Base1[Sede],_xlfn.ANCHORARRAY(H17),Base1[Total_Ventas])} -> 902961.57 | K17: Producto-0033 | L17: 38 | P17: =_xlfn.XLOOKUP(P14,Origen!A:A,Origen!B:B,"No existe!",0) -> A | Q17: {=_xlfn.XLOOKUP(P14,Origen!A:A,Origen!C:I,"No existe")} -> 45954 | R17: Producto-0032 | S17: 12361 | T17: 42 | U17: Vendedor-002 | V17: Sur | W17: 519162
E18: Producto-0024 | F18: 1009572.9 | H18: B | I18: 963550.51
B19: Sede | C19: Ventas por sede | E19: Producto-0025 | F19: 987505.84 | H19: C | I19: 912362.15 | P19: Sumar.Si
B20: {=_xlfn.UNIQUE(Base1[Sede])} -> A | C20: {=SUMIF(Base1[Sede],_xlfn.ANCHORARRAY(B20),Base1[Total_Ventas])} -> 130026466 | E20: Producto-0026 | F20: 1072271.3 | K20: Zonas | L20: No Por Zonas | P20: Mes2 | Q20: Venta
B21: B | C21: 137787723 | E21: Producto-0027 | F21: 1000623.8 | K21: Norte | L21: {=COUNTIF(Base1[Zonas],K21:K24)} -> 108 | P21: julio | Q21: {=SUMIF(Base1[Mes2],P21:P32,Base1[Total_Ventas])} -> 31487570
B22: C | C22: 130467788 | E22: Producto-0028 | F22: 1148429.3 | K22: Sur | L22: 108 | P22: enero | Q22: 42384233
E23: Producto-0029 | F23: 908906.89 | K23: Este | L23: 107 | P23: agosto | Q23: 35159912
E24: Producto-0030 | F24: 870906.79 | K24: Oeste | L24: 107 | P24: octubre | Q24: 30885460
E25: Producto-0031 | F25: 849875.61 | P25: marzo | Q25: 31189525
E26: Producto-0032 | F26: 698721.79 | P26: mayo | Q26: 35163904
E27: Producto-0033 | F27: 818564.18 | P27: abril | Q27: 34389907
P28: noviembre | Q28: 44838697
P29: febrero | Q29: 36515922
P30: septiembre | Q30: 23476254
P31: diciembre | Q31: 16772882
P32: junio | Q32: 36017711
