Workbook
Name NativeTimeline_Fecha: #N/A
Name NativeTimeline_Fecha_Préstamo: #N/A
Name NativeTimeline_Fecha1: #N/A
Name SegmentaciónDeDatos_Días_Retraso_Reportados: #N/A
Name SegmentaciónDeDatos_Fp: #N/A
Name SegmentaciónDeDatos_Fp1: #N/A

Sheet Inventario_Libros
A1: ID Libro | B1: Título | C1: Autor | D1: Categoría | E1: Año Publicación | F1: Número de Copias | G1: Estantería | H1: Estado
A2: LB1001 | B2: La Odisea | C2: Homero | D2: Clásicos | E2: 2019 | F2: 1 | G2: Est-1 | H2: Activo
A3: LB1002 | B3: El Amor En Los Tiempos Del Cólera | C3: Gabriel García Márquez | D3: Novela | E3: 1936 | F3: 1 | G3: Est-1 | H3: Activo
A4: LB1003 | B4: Sobre La Felicidad | C4: Lucio Anneo Séneca | D4: Filosofía Y Pensamiento | E4: 1903 | F4: 1 | G4: A-1 | H4: Activo
A5: LB1004 | B5: Macbeth | C5: William Shakespeare | D5: Clásicos | E5: 1955 | F5: 0 | G5: Est-1 | H5: Activo
A6: LB1005 | B6: Hamlet | C6: William Shakespeare | D6: Clásicos | E6: 1905 | F6: 1 | G6: B-2 | H6: Activo
A7: LB1006 | B7: La Sombra Del Viento | C7: Carlos Ruiz Zafón | D7: Misterio | E7: 1923 | F7: 2 | G7: B-2 | H7: Retirado
A8: LB1007 | B8: Ficciones | C8: Jorge Luis Borges | D8: Cuentos / Fantasía Metafísica | E8: 1938 | F8: 0 | G8: A-1 | H8: Retirado
A9: LB1008 | B9: Ficciones | C9: Jorge Luis Borges | D9: Cuentos / Fantasía Metafísica | E9: 1997 | F9: 2 | G9: B-2 | H9: Activo
A10: LB1009 | B10: El Aleph | C10: Jorge Luis Borges | D10: Cuentos / Fantasía Metafísica | E10: 1903 | F10: 0 | G10: A-1 | H10: Retirado
A11: LB1010 | B11: La Odisea | C11: Homero | D11: Clásicos | E11: 2021 | F11: 0 | G11: A-1 | H11: Activo
A12: LB1011 | B12: La Iliada | C12: Homero | D12: Clásicos | E12: 1947 | F12: 2 | G12: A-1 | H12: Activo
A13: LB1012 | B13: La Odisea | C13: Homero | D13: Clásicos | E13: 2015 | F13: 1 | G13: Est-1 | H13: Activo
... A201: LB1200 | B201: La Casa De Los Espíritus | C201: Isabel Allende | D201: Novela | E201: 1995 | F201: 1 | G201: B-2 | H201: Retirado

Sheet Prestamos
A1: ID Préstamo | B1: Fecha Préstamo | C1: Fecha Devolución | D1: ID Libro | E1: Nombre Usuario | F1: Tipo Usuario | G1: Estado Préstamo | H1: Días Retraso Reportados | I1: Título | J1: Autor | K1: Categoría | L1: Año Publicación | M1: Estantería | N1: Estado
A2: Pr2098 | B2: 45985 | C2: No Asignado | D2: Lb1042 | E2: Jorge Ibáñez | F2: Otros | G2: Devuelto | H2: 1 | I2: =IFERROR(VLOOKUP(Prestamos[[#This Row],[ID Libro]],Inventario_Libros!A:B,2,0),"Libro No Existe") -> El Aleph | J2: =IFERROR(VLOOKUP(Prestamos[[#This Row],[ID Libro]],Inventario_Libros!A:C,3,0),"Libro No Existe") -> Jorge Luis Borges | K2: =IFERROR(VLOOKUP(Prestamos[[#This Row],[ID Libro]],Inventario_Libros!A:D,4,0),"Libro No Existe") -> Cuentos / Fantasía Metafísica | L2: =IFERROR(VLOOKUP(Prestamos[[#This Row],[ID Libro]],Inventario_Libros!A:E,5,0),"Libro No Existe") -> 1941 | M2: =_xlfn.XLOOKUP(D:D,Inventario_Libros!A:A,Inventario_Libros!G:G,"No Existe",0) -> Est-1 | N2: =IFERROR(VLOOKUP(Prestamos[[#This Row],[ID Libro]],Inventario_Libros!A:H,8,0),"Libro No Existe") -> Activo
A3: Pr2558 | B3: 45983 | C3: 46003 | D3: Lb1098 | E3: Valentina Mora | F3: Otros | G3: Retrasado | H3: 5 | I3: =IFERROR(VLOOKUP(Prestamos[[#This Row],[ID Libro]],Inventario_Libros!A:B,2,0),"Libro No Existe") -> Ficciones | J3: =IFERROR(VLOOKUP(Prestamos[[#This Row],[ID Libro]],Inventario_Libros!A:C,3,0),"Libro No Existe") -> Jorge Luis Borges | K3: =IFERROR(VLOOKUP(Prestamos[[#This Row],[ID Libro]],Inventario_Libros!A:D,4,0),"Libro No Existe") -> Cuentos / Fantasía Metafísica | L3: =IFERROR(VLOOKUP(Prestamos[[#This Row],[ID Libro]],Inventario_Libros!A:E,5,0),"Libro No Existe") -> 1990 | M3: =_xlfn.XLOOKUP(D:D,Inventario_Libros!A:A,Inventario_Libros!G:G,"No Existe",0) -> A-1 | N3: =IFERROR(VLOOKUP(Prestamos[[#This Row],[ID Libro]],Inventario_Libros!A:H,8,0),"Libro No Existe") -> Retirado
A4: Pr2009 | B4: 45982 | C4: No Asignado | D4: Lb1058 | E4: Noelia Martín | F4: Estudiante | G4: Devuelto | H4: 1 | I4: =IFERROR(VLOOKUP(Prestamos[[#This Row],[ID Libro]],Inventario_Libros!A:B,2,0),"Libro No Existe") -> Crónica De Una Muerte Anunciada | J4: =IFERROR(VLOOKUP(Prestamos[[#This Row],[ID Libro]],Inventario_Libros!A:C,3,0),"Libro No Existe") -> Gabriel García Márquez | K4: =IFERROR(VLOOKUP(Prestamos[[#This Row],[ID Libro]],Inventario_Libros!A:D,4,0),"Libro No Existe") -> Novela | L4: =IFERROR(VLOOKUP(Prestamos[[#This Row],[ID Libro]],Inventario_Libros!A:E,5,0),"Libro No Existe") -> 1929 | M4: =_xlfn.XLOOKUP(D:D,Inventario_Libros!A:A,Inventario_Libros!G:G,"No Existe",0) -> Est-1 | N4: =IFERROR(VLOOKUP(Prestamos[[#This Row],[ID Libro]],Inventario_Libros!A:H,8,0),"Libro No Existe") -> Activo
A5: Pr2233 | B5: 45981 | C5: No Asignado | D5: Lb1177 | E5: Andrés Gómez | F5: Otros | G5: Retrasado | H5: 7 | I5: =IFERROR(VLOOKUP(Prestamos[[#This Row],[ID Libro]],Inventario_Libros!A:B,2,0),"Libro No Existe") -> Matadero Cinco | J5: =IFERROR(VLOOKUP(Prestamos[[#This Row],[ID Libro]],Inventario_Libros!A:C,3,0),"Libro No Existe") -> Kurt Vonnegut | K5: =IFERROR(VLOOKUP(Prestamos[[#This Row],[ID Libro]],Inventario_Libros!A:D,4,0),"Libro No Existe") -> Ciencia Ficción | L5: =IFERROR(VLOOKUP(Prestamos[[#This Row],[ID Libro]],Inventario_Libros!A:E,5,0),"Libro No Existe") -> 1984 | M5: =_xlfn.XLOOKUP(D:D,Inventario_Libros!A:A,Inventario_Libros!G:G,"No Existe",0) -> A-1 | N5: =IFERROR(VLOOKUP(Prestamos[[#This Row],[ID Libro]],Inventario_Libros!A:H,8,0),"Libro No Existe") -> Retirado
A6: Pr2255 | B6: 45980 | C6: No Asignado | D6: Lb1059 | E6: Jorge Ibáñez | F6: Universidad | G6: Devuelto | H6: 1 | I6: =IFERROR(VLOOKUP(Prestamos[[#This Row],[ID Libro]],Inventario_Libros!A:B,2,0),"Libro No Existe") -> La Ciudad Y Los Perros | J6: =IFERROR(VLOOKUP(Prestamos[[#This Row],[ID Libro]],Inventario_Libros!A:C,3,0),"Libro No Existe") -> Mario Vargas Llosa | K6: =IFERROR(VLOOKUP(Prestamos[[#This Row],[ID Libro]],Inventario_Libros!A:D,4,0),"Libro No Existe") -> Novela | L6: =IFERROR(VLOOKUP(Prestamos[[#This Row],[ID Libro]],Inventario_Libros!A:E,5,0),"Libro No Existe") -> 1891 | M6: =_xlfn.XLOOKUP(D:D,Inventario_Libros!A:A,Inventario_Libros!G:G,"No Existe",0) -> Est-1 | N6: =IFERROR(VLOOKUP(Prestamos[[#This Row],[ID Libro]],Inventario_Libros!A:H,8,0),"Libro No Existe") -> Retirado
A7: Pr2579 | B7: 45979 | C7: No Asignado | D7: Lb1160 | E7: Camila Álvarez | F7: Universidad | G7: Devuelto | H7: 1 | I7: =IFERROR(VLOOKUP(Prestamos[[#This Row],[ID Libro]],Inventario_Libros!A:B,2,0),"Libro No Existe") -> Matar A Un Ruiseñor | J7: =IFERROR(VLOOKUP(Prestamos[[#This Row],[ID Libro]],Inventario_Libros!A:C,3,0),"Libro No Existe") -> Harper Lee | K7: =IFERROR(VLOOKUP(Prestamos[[#This Row],[ID Libro]],Inventario_Libros!A:D,4,0),"Libro No Existe") -> Novela | L7: =IFERROR(VLOOKUP(Prestamos[[#This Row],[ID Libro]],Inventario_Libros!A:E,5,0),"Libro No Existe") -> 1967 | M7: =_xlfn.XLOOKUP(D:D,Inventario_Libros!A:A,Inventario_Libros!G:G,"No Existe",0) -> C-3 | N7: =IFERROR(VLOOKUP(Prestamos[[#This Row],[ID Libro]],Inventario_Libros!A:H,8,0),"Libro No Existe") -> Activo
A8: Pr2222 | B8: 45977 | C8: 45997 | D8: Lb1016 | E8: Carlos Ruiz | F8: Estudiante | G8: Retrasado | H8: 5 | I8: =IFERROR(VLOOKUP(Prestamos[[#This Row],[ID Libro]],Inventario_Libros!A:B,2,0),"Libro No Existe") -> La Tregua | J8: =IFERROR(VLOOKUP(Prestamos[[#This Row],[ID Libro]],Inventario_Libros!A:C,3,0),"Libro No Existe") -> Mario Benedetti | K8: =IFERROR(VLOOKUP(Prestamos[[#This Row],[ID Libro]],Inventario_Libros!A:D,4,0),"Libro No Existe") -> Novela | L8: =IFERROR(VLOOKUP(Prestamos[[#This Row],[ID Libro]],Inventario_Libros!A:E,5,0),"Libro No Existe") -> 2004 | M8: =_xlfn.XLOOKUP(D:D,Inventario_Libros!A:A,Inventario_Libros!G:G,"No Existe",0) -> Est-1 | N8: =IFERROR(VLOOKUP(Prestamos[[#This Row],[ID Libro]],Inventario_Libros!A:H,8,0),"Libro No Existe") -> Retirado
A9: Pr2415 | B9: 45974 | C9: No Asignado | D9: Lb1007 | E9: Diego Gómez | F9: Adulto | G9: Devuelto | H9: 1 | I9: =IFERROR(VLOOKUP(Prestamos[[#This Row],[ID Libro]],Inventario_Libros!A:B,2,0),"Libro No Existe") -> Ficciones | J9: =IFERROR(VLOOKUP(Prestamos[[#This Row],[ID Libro]],Inventario_Libros!A:C,3,0),"Libro No Existe") -> Jorge Luis Borges | K9: =IFERROR(VLOOKUP(Prestamos[[#This Row],[ID Libro]],Inventario_Libros!A:D,4,0),"Libro No Existe") -> Cuentos / Fantasía Metafísica | L9: =IFERROR(VLOOKUP(Prestamos[[#This Row],[ID Libro]],Inventario_Libros!A:E,5,0),"Libro No Existe") -> 1938 | M9: =_xlfn.XLOOKUP(D:D,Inventario_Libros!A:A,Inventario_Libros!G:G,"No Existe",0) -> A-1 | N9: =IFERROR(VLOOKUP(Prestamos[[#This Row],[ID Libro]],Inventario_Libros!A:H,8,0),"Libro No Existe") -> Retirado
A10: Pr2290 | B10: 45973 | C10: No Asignado | D10: Lb1070 | E10: Luisa Fernández | F10: Adulto | G10: Devuelto | H10: 1 | I10: =IFERROR(VLOOKUP(Prestamos[[#This Row],[ID Libro]],Inventario_Libros!A:B,2,0),"Libro No Existe") -> La Iliada | J10: =IFERROR(VLOOKUP(Prestamos[[#This Row],[ID Libro]],Inventario_Libros!A:C,3,0),"Libro No Existe") -> Homero | K10: =IFERROR(VLOOKUP(Prestamos[[#This Row],[ID Libro]],Inventario_Libros!A:D,4,0),"Libro No Existe") -> Clásicos | L10: =IFERROR(VLOOKUP(Prestamos[[#This Row],[ID Libro]],Inventario_Libros!A:E,5,0),"Libro No Existe") -> 1993 | M10: =_xlfn.XLOOKUP(D:D,Inventario_Libros!A:A,Inventario_Libros!G:G,"No Existe",0) -> A-1 | N10: =IFERROR(VLOOKUP(Prestamos[[#This Row],[ID Libro]],Inventario_Libros!A:H,8,0),"Libro No Existe") -> Retirado
A11: Pr2045 | B11: 45971 | C11: No Asignado | D11: Lb1096 | E11: Andrés Díaz | F11: Adulto | G11: Retrasado | H11: 7 | I11: =IFERROR(VLOOKUP(Prestamos[[#This Row],[ID Libro]],Inventario_Libros!A:B,2,0),"Libro No Existe") -> Orgullo Y Prejuicio | J11: =IFERROR(VLOOKUP(Prestamos[[#This Row],[ID Libro]],Inventario_Libros!A:C,3,0),"Libro No Existe") -> Jane Austen | K11: =IFERROR(VLOOKUP(Prestamos[[#This Row],[ID Libro]],Inventario_Libros!A:D,4,0),"Libro No Existe") -> Novela | L11: =IFERROR(VLOOKUP(Prestamos[[#This Row],[ID Libro]],Inventario_Libros!A:E,5,0),"Libro No Existe") -> 2013 | M11: =_xlfn.XLOOKUP(D:D,Inventario_Libros!A:A,Inventario_Libros!G:G,"No Existe",0) -> Est-1 | N11: =IFERROR(VLOOKUP(Prestamos[[#This Row],[ID Libro]],Inventario_Libros!A:H,8,0),"Libro No Existe") -> Activo
A12: Pr2099 | B12: 45965 | C12: No Asignado | D12: Lb1151 | E12: Ana Gómez | F12: Adulto | G12: Devuelto | H12: 1 | I12: =IFERROR(VLOOKUP(Prestamos[[#This Row],[ID Libro]],Inventario_Libros!A:B,2,0),"Libro No Existe") -> El Principito | J12: =IFERROR(VLOOKUP(Prestamos[[#This Row],[ID Libro]],Inventario_Libros!A:C,3,0),"Libro No Existe") -> Antoine De Saint-Exupéry | K12: =IFERROR(VLOOKUP(Prestamos[[#This Row],[ID Libro]],Inventario_Libros!A:D,4,0),"Libro No Existe") -> Literatura Infantil / Fábula Filosófica | L12: =IFERROR(VLOOKUP(Prestamos[[#This Row],[ID Libro]],Inventario_Libros!A:E,5,0),"Libro No Existe") -> 1980 | M12: =_xlfn.XLOOKUP(D:D,Inventario_Libros!A:A,Inventario_Libros!G:G,"No Existe",0) -> Est-1 | N12: =IFERROR(VLOOKUP(Prestamos[[#This Row],[ID Libro]],Inventario_Libros!A:H,8,0),"Libro No Existe") -> Retirado
A13: Pr2243 | B13: 45963 | C13: No Asignado | D13: Lb1096 | E13: Diego Gómez | F13: Adulto | G13: Devuelto | H13: 0 | I13: =IFERROR(VLOOKUP(Prestamos[[#This Row],[ID Libro]],Inventario_Libros!A:B,2,0),"Libro No Existe") -> Orgullo Y Prejuicio | J13: =IFERROR(VLOOKUP(Prestamos[[#This Row],[ID Libro]],Inventario_Libros!A:C,3,0),"Libro No Existe") -> Jane Austen | K13: =IFERROR(VLOOKUP(Prestamos[[#This Row],[ID Libro]],Inventario_Libros!A:D,4,0),"Libro No Existe") -> Novela | L13: =IFERROR(VLOOKUP(Prestamos[[#This Row],[ID Libro]],Inventario_Libros!A:E,5,0),"Libro No Existe") -> 2013 | M13: =_xlfn.XLOOKUP(D:D,Inventario_Libros!A:A,Inventario_Libros!G:G,"No Existe",0) -> Est-1 | N13: =IFERROR(VLOOKUP(Prestamos[[#This Row],[ID Libro]],Inventario_Libros!A:H,8,0),"Libro No Existe") -> Activo
A14: Pr2323 | B14: 45962 | C14: No Asignado | D14: Lb1020 | E14: Noelia Martín | F14: Universidad | G14: Retrasado | H14: 7 | I14: =IFERROR(VLOOKUP(Prestamos[[#This Row],[ID Libro]],Inventario_Libros!A:B,2,0),"Libro No Existe") -> Rebelión En La Granja | J14: =IFERROR(VLOOKUP(Prestamos[[#This Row],[ID Libro]],Inventario_Libros!A:C,3,0),"Libro No Existe") -> George Orwell | K14: =IFERROR(VLOOKUP(Prestamos[[#This Row],[ID Libro]],Inventario_Libros!A:D,4,0),"Libro No Existe") -> Ciencia Ficción | L14: =IFERROR(VLOOKUP(Prestamos[[#This Row],[ID Libro]],Inventario_Libros!A:E,5,0),"Libro No Existe") -> 1996 | M14: =_xlfn.XLOOKUP(D:D,Inventario_Libros!A:A,Inventario_Libros!G:G,"No Existe",0) -> C-3 | N14: =IFERROR(VLOOKUP(Prestamos[[#This Row],[ID Libro]],Inventario_Libros!A:H,8,0),"Libro No Existe") -> Retirado
A15: Pr2332 | B15: 45954 | C15: 45971 | D15: Lb1199 | E15: Luisa Fernández | F15: Otros | G15: Retrasado | H15: 2 | I15: =IFERROR(VLOOKUP(Prestamos[[#This Row],[ID Libro]],Inventario_Libros!A:B,2,0),"Libro No Existe") -> La Iliada | J15: =IFERROR(VLOOKUP(Prestamos[[#This Row],[ID Libro]],Inventario_Libros!A:C,3,0),"Libro No Existe") -> Homero | K15: =IFERROR(VLOOKUP(Prestamos[[#This Row],[ID Libro]],Inventario_Libros!A:D,4,0),"Libro No Existe") -> Clásicos | L15: =IFERROR(VLOOKUP(Prestamos[[#This Row],[ID Libro]],Inventario_Libros!A:E,5,0),"Libro No Existe") -> 1968 | M15: =_xlfn.XLOOKUP(D:D,Inventario_Libros!A:A,Inventario_Libros!G:G,"No Existe",0) -> A-1 | N15: =IFERROR(VLOOKUP(Prestamos[[#This Row],[ID Libro]],Inventario_Libros!A:H,8,0),"Libro No Existe") -> Activo
A16: Pr2021 | B16: 45952 | C16: No Asignado | D16: Lb1099 | E16: Andrés Díaz | F16: Universidad | G16: Retrasado | H16: 7 | I16: =IFERROR(VLOOKUP(Prestamos[[#This Row],[ID Libro]],Inventario_Libros!A:B,2,0),"Libro No Existe") -> Matadero Cinco | J16: =IFERROR(VLOOKUP(Prestamos[[#This Row],[ID Libro]],Inventario_Libros!A:C,3,0),"Libro No Existe") -> Kurt Vonnegut | K16: =IFERROR(VLOOKUP(Prestamos[[#This Row],[ID Libro]],Inventario_Libros!A:D,4,0),"Libro No Existe") -> Ciencia Ficción | L16: =IFERROR(VLOOKUP(Prestamos[[#This Row],[ID Libro]],Inventario_Libros!A:E,5,0),"Libro No Existe") -> 1989 | M16: =_xlfn.XLOOKUP(D:D,Inventario_Libros!A:A,Inventario_Libros!G:G,"No Existe",0) -> B-2 | N16: =IFERROR(VLOOKUP(Prestamos[[#This Row],[ID Libro]],Inventario_Libros!A:H,8,0),"Libro No Existe") -> Retirado
A17: Pr2324 | B17: 45952 | C17: 45968 | D17: Lb1148 | E17: Laura Ruiz | F17: Adulto | G17: Retrasado | H17: 1 | I17: =IFERROR(VLOOKUP(Prestamos[[#This Row],[ID Libro]],Inventario_Libros!A:B,2,0),"Libro No Existe") -> Rebelión En La Granja | J17: =IFERROR(VLOOKUP(Prestamos[[#This Row],[ID Libro]],Inventario_Libros!A:C,3,0),"Libro No Existe") -> George Orwell | K17: =IFERROR(VLOOKUP(Prestamos[[#This Row],[ID Libro]],Inventario_Libros!A:D,4,0),"Libro No Existe") -> Ciencia Ficción | L17: =IFERROR(VLOOKUP(Prestamos[[#This Row],[ID Libro]],Inventario_Libros!A:E,5,0),"Libro No Existe") -> 1986 | M17: =_xlfn.XLOOKUP(D:D,Inventario_Libros!A:A,Inventario_Libros!G:G,"No Existe",0) -> Est-1 | N17: =IFERROR(VLOOKUP(Prestamos[[#This Row],[ID Libro]],Inventario_Libros!A:H,8,0),"Libro No Existe") -> Retirado
A18: Pr2554 | B18: 45951 | C18: No Asignado | D18: Lb1139 | E18: Laura Ruiz | F18: Adulto | G18: Devuelto | H18: 1 | I18: =IFERROR(VLOOKUP(Prestamos[[#This Row],[ID Libro]],Inventario_Libros!A:B,2,0),"Libro No Existe") -> La Casa De Los Espíritus | J18: =IFERROR(VLOOKUP(Prestamos[[#This Row],[ID Libro]],Inventario_Libros!A:C,3,0),"Libro No Existe") -> Isabel Allende | K18: =IFERROR(VLOOKUP(Prestamos[[#This Row],[ID Libro]],Inventario_Libros!A:D,4,0),"Libro No Existe") -> Novela | L18: =IFERROR(VLOOKUP(Prestamos[[#This Row],[ID Libro]],Inventario_Libros!A:E,5,0),"Libro No Existe") -> 2023 | M18: =_xlfn.XLOOKUP(D:D,Inventario_Libros!A:A,Inventario_Libros!G:G,"No Existe",0) -> B-2 | N18: =IFERROR(VLOOKUP(Prestamos[[#This Row],[ID Libro]],Inventario_Libros!A:H,8,0),"Libro No Existe") -> Retirado
A19: Pr2582 | B19: 45950 | C19: No Asignado | D19: Lb1003 | E19: Felipe Ramírez | F19: Adulto | G19: Devuelto | H19: 1 | I19: =IFERROR(VLOOKUP(Prestamos[[#This Row],[ID Libro]],Inventario_Libros!A:B,2,0),"Libro No Existe") -> Sobre La Felicidad | J19: =IFERROR(VLOOKUP(Prestamos[[#This Row],[ID Libro]],Inventario_Libros!A:C,3,0),"Libro No Existe") -> Lucio Anneo Séneca | K19: =IFERROR(VLOOKUP(Prestamos[[#This Row],[ID Libro]],Inventario_Libros!A:D,4,0),"Libro No Existe") -> Filosofía Y Pensamiento | L19: =IFERROR(VLOOKUP(Prestamos[[#This Row],[ID Libro]],Inventario_Libros!A:E,5,0),"Libro No Existe") -> 1903 | M19: =_xlfn.XLOOKUP(D:D,Inventario_Libros!A:A,Inventario_Libros!G:G,"No Existe",0) -> A-1 | N19: =IFERROR(VLOOKUP(Prestamos[[#This Row],[ID Libro]],Inventario_Libros!A:H,8,0),"Libro No Existe") -> Activo
A20: Pr2174 | B20: 45947 | C20: No Asignado | D20: Lb1014 | E20: Laura Ruiz | F20: Estudiante | G20: Retrasado | H20: 7 | I20: =IFERROR(VLOOKUP(Prestamos[[#This Row],[ID Libro]],Inventario_Libros!A:B,2,0),"Libro No Existe") -> Rayuela | J20: =IFERROR(VLOOKUP(Prestamos[[#This Row],[ID Libro]],Inventario_Libros!A:C,3,0),"Libro No Existe") -> Julio Cortázar | K20: =IFERROR(VLOOKUP(Prestamos[[#This Row],[ID Libro]],Inventario_Libros!A:D,4,0),"Libro No Existe") -> Novela | L20: =IFERROR(VLOOKUP(Prestamos[[#This Row],[ID Libro]],Inventario_Libros!A:E,5,0),"Libro No Existe") -> 2018 | M20: =_xlfn.XLOOKUP(D:D,Inventario_Libros!A:A,Inventario_Libros!G:G,"No Existe",0) -> B-2 | N20: =IFERROR(VLOOKUP(Prestamos[[#This Row],[ID Libro]],Inventario_Libros!A:H,8,0),"Libro No Existe") -> Retirado
A21: Pr2292 | B21: 45944 | C21: No Asignado | D21: Lb1154 | E21: Ana Gómez | F21: Universidad | G21: Retrasado | H21: 7 | I21: =IFERROR(VLOOKUP(Prestamos[[#This Row],[ID Libro]],Inventario_Libros!A:B,2,0),"Libro No Existe") -> El Código Da Vinci | J21: =IFERROR(VLOOKUP(Prestamos[[#This Row],[ID Libro]],Inventario_Libros!A:C,3,0),"Libro No Existe") -> Dan Brown | K21: =IFERROR(VLOOKUP(Prestamos[[#This Row],[ID Libro]],Inventario_Libros!A:D,4,0),"Libro No Existe") -> Misterio | L21: =IFERROR(VLOOKUP(Prestamos[[#This Row],[ID Libro]],Inventario_Libros!A:E,5,0),"Libro No Existe") -> 1966 | M21: =_xlfn.XLOOKUP(D:D,Inventario_Libros!A:A,Inventario_Libros!G:G,"No Existe",0) -> C-3 | N21: =IFERROR(VLOOKUP(Prestamos[[#This Row],[ID Libro]],Inventario_Libros!A:H,8,0),"Libro No Existe") -> Retirado
A22: Pr2360 | B22: 45944 | C22: 45964 | D22: Lb1160 | E22: Sofía Torres | F22: Estudiante | G22: Retrasado | H22: 5 | I22: =IFERROR(VLOOKUP(Prestamos[[#This Row],[ID Libro]],Inventario_Libros!A:B,2,0),"Libro No Existe") -> Matar A Un Ruiseñor | J22: =IFERROR(VLOOKUP(Prestamos[[#This Row],[ID Libro]],Inventario_Libros!A:C,3,0),"Libro No Existe") -> Harper Lee | K22: =IFERROR(VLOOKUP(Prestamos[[#This Row],[ID Libro]],Inventario_Libros!A:D,4,0),"Libro No Existe") -> Novela | L22: =IFERROR(VLOOKUP(Prestamos[[#This Row],[ID Libro]],Inventario_Libros!A:E,5,0),"Libro No Existe") -> 1967 | M22: =_xlfn.XLOOKUP(D:D,Inventario_Libros!A:A,Inventario_Libros!G:G,"No Existe",0) -> C-3 | N22: =IFERROR(VLOOKUP(Prestamos[[#This Row],[ID Libro]],Inventario_Libros!A:H,8,0),"Libro No Existe") -> Activo
A23: Pr2151 | B23: 45941 | C23: No Asignado | D23: Lb1194 | E23: Camila Álvarez | F23: Adulto | G23: Devuelto | H23: 0 | I23: =IFERROR(VLOOKUP(Prestamos[[#This Row],[ID Libro]],Inventario_Libros!A:B,2,0),"Libro No Existe") -> Cien Años De Soledad | J23: =IFERROR(VLOOKUP(Prestamos[[#This Row],[ID Libro]],Inventario_Libros!A:C,3,0),"Libro No Existe") -> Gabriel García Márquez | K23: =IFERROR(VLOOKUP(Prestamos[[#This Row],[ID Libro]],Inventario_Libros!A:D,4,0),"Libro No Existe") -> Novela | L23: =IFERROR(VLOOKUP(Prestamos[[#This Row],[ID Libro]],Inventario_Libros!A:E,5,0),"Libro No Existe") -> 2014 | M23: =_xlfn.XLOOKUP(D:D,Inventario_Libros!A:A,Inventario_Libros!G:G,"No Existe",0) -> B-2 | N23: =IFERROR(VLOOKUP(Prestamos[[#This Row],[ID Libro]],Inventario_Libros!A:H,8,0),"Libro No Existe") -> Activo
A24: Pr2503 | B24: 45941 | C24: No Asignado | D24: Lb1008 | E24: Valentina Mora | F24: Universidad | G24: Devuelto | H24: 1 | I24: =IFERROR(VLOOKUP(Prestamos[[#This Row],[ID Libro]],Inventario_Libros!A:B,2,0),"Libro No Existe") -> Ficciones | J24: =IFERROR(VLOOKUP(Prestamos[[#This Row],[ID Libro]],Inventario_Libros!A:C,3,0),"Libro No Existe") -> Jorge Luis Borges | K24: =IFERROR(VLOOKUP(Prestamos[[#This Row],[ID Libro]],Inventario_Libros!A:D,4,0),"Libro No Existe") -> Cuentos / Fantasía Metafísica | L24: =IFERROR(VLOOKUP(Prestamos[[#This Row],[ID Libro]],Inventario_Libros!A:E,5,0),"Libro No Existe") -> 1997 | M24: =_xlfn.XLOOKUP(D:D,Inventario_Libros!A:A,Inventario_Libros!G:G,"No Existe",0) -> B-2 | N24: =IFERROR(VLOOKUP(Prestamos[[#This Row],[ID Libro]],Inventario_Libros!A:H,8,0),"Libro No Existe") -> Activo
A25: Pr2527 | B25: 45941 | C25: No Asignado | D25: Lb1076 | E25: Carolina Rojas | F25: Estudiante | G25: Retrasado | H25: 7 | I25: =IFERROR(VLOOKUP(Prestamos[[#This Row],[ID Libro]],Inventario_Libros!A:B,2,0),"Libro No Existe") -> La Tregua | J25: =IFERROR(VLOOKUP(Prestamos[[#This Row],[ID Libro]],Inventario_Libros!A:C,3,0),"Libro No Existe") -> Mario Benedetti | K25: =IFERROR(VLOOKUP(Prestamos[[#This Row],[ID Libro]],Inventario_Libros!A:D,4,0),"Libro No Existe") -> Novela | L25: =IFERROR(VLOOKUP(Prestamos[[#This Row],[ID Libro]],Inventario_Libros!A:E,5,0),"Libro No Existe") -> 1964 | M25: =_xlfn.XLOOKUP(D:D,Inventario_Libros!A:A,Inventario_Libros!G:G,"No Existe",0) -> A-1 | N25: =IFERROR(VLOOKUP(Prestamos[[#This Row],[ID Libro]],Inventario_Libros!A:H,8,0),"Libro No Existe") -> Retirado
A26: Pr2172 | B26: 45936 | C26: No Asignado | D26: Lb1092 | E26: Ana Gómez | F26: Adulto | G26: Devuelto | H26: 1 | I26: =IFERROR(VLOOKUP(Prestamos[[#This Row],[ID Libro]],Inventario_Libros!A:B,2,0),"Libro No Existe") -> La Iliada | J26: =IFERROR(VLOOKUP(Prestamos[[#This Row],[ID Libro]],Inventario_Libros!A:C,3,0),"Libro No Existe") -> Homero | K26: =IFERROR(VLOOKUP(Prestamos[[#This Row],[ID Libro]],Inventario_Libros!A:D,4,0),"Libro No Existe") -> Clásicos | L26: =IFERROR(VLOOKUP(Prestamos[[#This Row],[ID Libro]],Inventario_Libros!A:E,5,0),"Libro No Existe") -> 1996 | M26: =_xlfn.XLOOKUP(D:D,Inventario_Libros!A:A,Inventario_Libros!G:G,"No Existe",0) -> B-2 | N26: =IFERROR(VLOOKUP(Prestamos[[#This Row],[ID Libro]],Inventario_Libros!A:H,8,0),"Libro No Existe") -> Activo
A27: Pr2280 | B27: 45935 | C27: No Asignado | D27: Lb1153 | E27: Jorge Ibáñez | F27: Adulto | G27: Retrasado | H27: 7 | I27: =IFERROR(VLOOKUP(Prestamos[[#This Row],[ID Libro]],Inventario_Libros!A:B,2,0),"Libro No Existe") -> El Aleph | J27: =IFERROR(VLOOKUP(Prestamos[[#This Row],[ID Libro]],Inventario_Libros!A:C,3,0),"Libro No Existe") -> Jorge Luis Borges | K27: =IFERROR(VLOOKUP(Prestamos[[#This Row],[ID Libro]],Inventario_Libros!A:D,4,0),"Libro No Existe") -> Cuentos / Fantasía Metafísica | L27: =IFERROR(VLOOKUP(Prestamos[[#This Row],[ID Libro]],Inventario_Libros!A:E,5,0),"Libro No Existe") -> 1953 | M27: =_xlfn.XLOOKUP(D:D,Inventario_Libros!A:A,Inventario_Libros!G:G,"No Existe",0) -> C-3 | N27: =IFERROR(VLOOKUP(Prestamos[[#This Row],[ID Libro]],Inventario_Libros!A:H,8,0),"Libro No Existe") -> Activo
A28: Pr2566 | B28: 45934 | C28: No Asignado | D28: Lb1070 | E28: Carlos Ruiz | F28: Adulto | G28: Retrasado | H28: 7 | I28: =IFERROR(VLOOKUP(Prestamos[[#This Row],[ID Libro]],Inventario_Libros!A:B,2,0),"Libro No Existe") -> La Iliada | J28: =IFERROR(VLOOKUP(Prestamos[[#This Row],[ID Libro]],Inventario_Libros!A:C,3,0),"Libro No Existe") -> Homero | K28: =IFERROR(VLOOKUP(Prestamos[[#This Row],[ID Libro]],Inventario_Libros!A:D,4,0),"Libro No Existe") -> Clásicos | L28: =IFERROR(VLOOKUP(Prestamos[[#This Row],[ID Libro]],Inventario_Libros!A:E,5,0),"Libro No Existe") -> 1993 | M28: =_xlfn.XLOOKUP(D:D,Inventario_Libros!A:A,Inventario_Libros!G:G,"No Existe",0) -> A-1 | N28: =IFERROR(VLOOKUP(Prestamos[[#This Row],[ID Libro]],Inventario_Libros!A:H,8,0),"Libro No Existe") -> Retirado
A29: Pr2018 | B29: 45932 | C29: No Asignado | D29: Lb1005 | E29: Valentina Mora | F29: Adulto | G29: Devuelto | H29: 1 | I29: =IFERROR(VLOOKUP(Prestamos[[#This Row],[ID Libro]],Inventario_Libros!A:B,2,0),"Libro No Existe") -> Hamlet | J29: =IFERROR(VLOOKUP(Prestamos[[#This Row],[ID Libro]],Inventario_Libros!A:C,3,0),"Libro No Existe") -> William Shakespeare | K29: =IFERROR(VLOOKUP(Prestamos[[#This Row],[ID Libro]],Inventario_Libros!A:D,4,0),"Libro No Existe") -> Clásicos | L29: =IFERROR(VLOOKUP(Prestamos[[#This Row],[ID Libro]],Inventario_Libros!A:E,5,0),"Libro No Existe") -> 1905 | M29: =_xlfn.XLOOKUP(D:D,Inventario_Libros!A:A,Inventario_Libros!G:G,"No Existe",0) -> B-2 | N29: =IFERROR(VLOOKUP(Prestamos[[#This Row],[ID Libro]],Inventario_Libros!A:H,8,0),"Libro No Existe") -> Activo
A30: Pr2142 | B30: 45932 | C30: 45957 | D30: Lb1017 | E30: Luisa Fernández | F30: Niño | G30: Retrasado | H30: 10 | I30: =IFERROR(VLOOKUP(Prestamos[[#This Row],[ID Libro]],Inventario_Libros!A:B,2,0),"Libro No Existe") -> Crónica De Una Muerte Anunciada | J30: =IFERROR(VLOOKUP(Prestamos[[#This Row],[ID Libro]],Inventario_Libros!A:C,3,0),"Libro No Existe") -> Gabriel García Márquez | K30: =IFERROR(VLOOKUP(Prestamos[[#This Row],[ID Libro]],Inventario_Libros!A:D,4,0),"Libro No Existe") -> Novela | L30: =IFERROR(VLOOKUP(Prestamos[[#This Row],[ID Libro]],Inventario_Libros!A:E,5,0),"Libro No Existe") -> 1999 | M30: =_xlfn.XLOOKUP(D:D,Inventario_Libros!A:A,Inventario_Libros!G:G,"No Existe",0) -> A-1 | N30: =IFERROR(VLOOKUP(Prestamos[[#This Row],[ID Libro]],Inventario_Libros!A:H,8,0),"Libro No Existe") -> Activo
A31: Pr2218 | B31: 45929 | C31: No Asignado | D31: Lb1120 | E31: Miguel Ángel | F31: Niño | G31: Devuelto | H31: 1 | I31: =IFERROR(VLOOKUP(Prestamos[[#This Row],[ID Libro]],Inventario_Libros!A:B,2,0),"Libro No Existe") -> Los Detectives Salvajes | J31: =IFERROR(VLOOKUP(Prestamos[[#This Row],[ID Libro]],Inventario_Libros!A:C,3,0),"Libro No Existe") -> Roberto Bolaño | K31: =IFERROR(VLOOKUP(Prestamos[[#This Row],[ID Libro]],Inventario_Libros!A:D,4,0),"Libro No Existe") -> Novela | L31: =IFERROR(VLOOKUP(Prestamos[[#This Row],[ID Libro]],Inventario_Libros!A:E,5,0),"Libro No Existe") -> 1919 | M31: =_xlfn.XLOOKUP(D:D,Inventario_Libros!A:A,Inventario_Libros!G:G,"No Existe",0) -> B-2 | N31: =IFERROR(VLOOKUP(Prestamos[[#This Row],[ID Libro]],Inventario_Libros!A:H,8,0),"Libro No Existe") -> Activo
A32: Pr2451 | B32: 45929 | C32: No Asignado | D32: Lb1162 | E32: Noelia Martín | F32: Niño | G32: Retrasado | H32: 7 | I32: =IFERROR(VLOOKUP(Prestamos[[#This Row],[ID Libro]],Inventario_Libros!A:B,2,0),"Libro No Existe") -> Matar A Un Ruiseñor | J32: =IFERROR(VLOOKUP(Prestamos[[#This Row],[ID Libro]],Inventario_Libros!A:C,3,0),"Libro No Existe") -> Harper Lee | K32: =IFERROR(VLOOKUP(Prestamos[[#This Row],[ID Libro]],Inventario_Libros!A:D,4,0),"Libro No Existe") -> Novela | L32: =IFERROR(VLOOKUP(Prestamos[[#This Row],[ID Libro]],Inventario_Libros!A:E,5,0),"Libro No Existe") -> 1981 | M32: =_xlfn.XLOOKUP(D:D,Inventario_Libros!A:A,Inventario_Libros!G:G,"No Existe",0) -> C-3 | N32: =IFERROR(VLOOKUP(Prestamos[[#This Row],[ID Libro]],Inventario_Libros!A:H,8,0),"Libro No Existe") -> Retirado
A33: Pr2368 | B33: 45925 | C33: No Asignado | D33: Lb1038 | E33: Ana Gómez | F33: Universidad | G33: Retrasado | H33: 7 | I33: =IFERROR(VLOOKUP(Prestamos[[#This Row],[ID Libro]],Inventario_Libros!A:B,2,0),"Libro No Existe") -> La Iliada | J33: =IFERROR(VLOOKUP(Prestamos[[#This Row],[ID Libro]],Inventario_Libros!A:C,3,0),"Libro No Existe") -> Homero | K33: =IFERROR(VLOOKUP(Prestamos[[#This Row],[ID Libro]],Inventario_Libros!A:D,4,0),"Libro No Existe") -> Clásicos | L33: =IFERROR(VLOOKUP(Prestamos[[#This Row],[ID Libro]],Inventario_Libros!A:E,5,0),"Libro No Existe") -> 1940 | M33: =_xlfn.XLOOKUP(D:D,Inventario_Libros!A:A,Inventario_Libros!G:G,"No Existe",0) -> B-2 | N33: =IFERROR(VLOOKUP(Prestamos[[#This Row],[ID Libro]],Inventario_Libros!A:H,8,0),"Libro No Existe") -> Retirado
A34: Pr2040 | B34: 45923 | C34: 45943 | D34: Lb1089 | E34: Juan Pérez | F34: Otros | G34: Retrasado | H34: 5 | I34: =IFERROR(VLOOKUP(Prestamos[[#This Row],[ID Libro]],Inventario_Libros!A:B,2,0),"Libro No Existe") -> Macbeth | J34: =IFERROR(VLOOKUP(Prestamos[[#This Row],[ID Libro]],Inventario_Libros!A:C,3,0),"Libro No Existe") -> William Shakespeare | K34: =IFERROR(VLOOKUP(Prestamos[[#This Row],[ID Libro]],Inventario_Libros!A:D,4,0),"Libro No Existe") -> Clásicos | L34: =IFERROR(VLOOKUP(Prestamos[[#This Row],[ID Libro]],Inventario_Libros!A:E,5,0),"Libro No Existe") -> 1891 | M34: =_xlfn.XLOOKUP(D:D,Inventario_Libros!A:A,Inventario_Libros!G:G,"No Existe",0) -> B-2 | N34: =IFERROR(VLOOKUP(Prestamos[[#This Row],[ID Libro]],Inventario_Libros!A:H,8,0),"Libro No Existe") -> Activo
A35: Pr2495 | B35: 45922 | C35: 45940 | D35: Lb1088 | E35: Carlos Ruiz | F35: Universidad | G35: Retrasado | H35: 3 | I35: =IFERROR(VLOOKUP(Prestamos[[#This Row],[ID Libro]],Inventario_Libros!A:B,2,0),"Libro No Existe") -> Ficciones | J35: =IFERROR(VLOOKUP(Prestamos[[#This Row],[ID Libro]],Inventario_Libros!A:C,3,0),"Libro No Existe") -> Jorge Luis Borges | K35: =IFERROR(VLOOKUP(Prestamos[[#This Row],[ID Libro]],Inventario_Libros!A:D,4,0),"Libro No Existe") -> Cuentos / Fantasía Metafísica | L35: =IFERROR(VLOOKUP(Prestamos[[#This Row],[ID Libro]],Inventario_Libros!A:E,5,0),"Libro No Existe") -> 1939 | M35: =_xlfn.XLOOKUP(D:D,Inventario_Libros!A:A,Inventario_Libros!G:G,"No Existe",0) -> A-1 | N35: =IFERROR(VLOOKUP(Prestamos[[#This Row],[ID Libro]],Inventario_Libros!A:H,8,0),"Libro No Existe") -> Activo
A36: Pr2259 | B36: 45919 | C36: No Asignado | D36: Lb1152 | E36: Juan Pérez | F36: Universidad | G36: Retrasado | H36: 7 | I36: =IFERROR(VLOOKUP(Prestamos[[#This Row],[ID Libro]],Inventario_Libros!A:B,2,0),"Libro No Existe") -> Hamlet | J36: =IFERROR(VLOOKUP(Prestamos[[#This Row],[ID Libro]],Inventario_Libros!A:C,3,0),"Libro No Existe") -> William Shakespeare | K36: =IFERROR(VLOOKUP(Prestamos[[#This Row],[ID Libro]],Inventario_Libros!A:D,4,0),"Libro No Existe") -> Clásicos | L36: =IFERROR(VLOOKUP(Prestamos[[#This Row],[ID Libro]],Inventario_Libros!A:E,5,0),"Libro No Existe") -> 2017 | M36: =_xlfn.XLOOKUP(D:D,Inventario_Libros!A:A,Inventario_Libros!G:G,"No Existe",0) -> A-1 | N36: =IFERROR(VLOOKUP(Prestamos[[#This Row],[ID Libro]],Inventario_Libros!A:H,8,0),"Libro No Existe") -> Activo
A37: Pr2220 | B37: 45912 | C37: 45928 | D37: Lb1178 | E37: Noelia Martín | F37: Niño | G37: Retrasado | H37: 1 | I37: =IFERROR(VLOOKUP(Prestamos[[#This Row],[ID Libro]],Inventario_Libros!A:B,2,0),"Libro No Existe") -> Los Detectives Salvajes | J37: =IFERROR(VLOOKUP(Prestamos[[#This Row],[ID Libro]],Inventario_Libros!A:C,3,0),"Libro No Existe") -> Roberto Bolaño | K37: =IFERROR(VLOOKUP(Prestamos[[#This Row],[ID Libro]],Inventario_Libros!A:D,4,0),"Libro No Existe") -> Novela | L37: =IFERROR(VLOOKUP(Prestamos[[#This Row],[ID Libro]],Inventario_Libros!A:E,5,0),"Libro No Existe") -> 1914 | M37: =_xlfn.XLOOKUP(D:D,Inventario_Libros!A:A,Inventario_Libros!G:G,"No Existe",0) -> C-3 | N37: =IFERROR(VLOOKUP(Prestamos[[#This Row],[ID Libro]],Inventario_Libros!A:H,8,0),"Libro No Existe") -> Retirado
A38: Pr2565 | B38: 45912 | C38: 45932 | D38: Lb1013 | E38: Felipe Ramírez | F38: Estudiante | G38: Retrasado | H38: 5 | I38: =IFERROR(VLOOKUP(Prestamos[[#This Row],[ID Libro]],Inventario_Libros!A:B,2,0),"Libro No Existe") -> La Ciudad Y Los Perros | J38: =IFERROR(VLOOKUP(Prestamos[[#This Row],[ID Libro]],Inventario_Libros!A:C,3,0),"Libro No Existe") -> Mario Vargas Llosa | K38: =IFERROR(VLOOKUP(Prestamos[[#This Row],[ID Libro]],Inventario_Libros!A:D,4,0),"Libro No Existe") -> Novela | L38: =IFERROR(VLOOKUP(Prestamos[[#This Row],[ID Libro]],Inventario_Libros!A:E,5,0),"Libro No Existe") -> 1901 | M38: =_xlfn.XLOOKUP(D:D,Inventario_Libros!A:A,Inventario_Libros!G:G,"No Existe",0) -> Est-1 | N38: =IFERROR(VLOOKUP(Prestamos[[#This Row],[ID Libro]],Inventario_Libros!A:H,8,0),"Libro No Existe") -> Retirado
A39: Pr2376 | B39: 45910 | C39: No Asignado | D39: Lb1185 | E39: Jorge Ibáñez | F39: Otros | G39: Devuelto | H39: 1 | I39: =IFERROR(VLOOKUP(Prestamos[[#This Row],[ID Libro]],Inventario_Libros!A:B,2,0),"Libro No Existe") -> Breve Historia Del Tiempo | J39: =IFERROR(VLOOKUP(Prestamos[[#This Row],[ID Libro]],Inventario_Libros!A:C,3,0),"Libro No Existe") -> Stephen Hawking | K39: =IFERROR(VLOOKUP(Prestamos[[#This Row],[ID Libro]],Inventario_Libros!A:D,4,0),"Libro No Existe") -> Divulgación Científica / Cosmología | L39: =IFERROR(VLOOKUP(Prestamos[[#This Row],[ID Libro]],Inventario_Libros!A:E,5,0),"Libro No Existe") -> 1945 | M39: =_xlfn.XLOOKUP(D:D,Inventario_Libros!A:A,Inventario_Libros!G:G,"No Existe",0) -> C-3 | N39: =IFERROR(VLOOKUP(Prestamos[[#This Row],[ID Libro]],Inventario_Libros!A:H,8,0),"Libro No Existe") -> Retirado
A40: Pr2313 | B40: 45909 | C40: No Asignado | D40: Lb1063 | E40: Pablo López | F40: Universidad | G40: Devuelto | H40: 0 | I40: =IFERROR(VLOOKUP(Prestamos[[#This Row],[ID Libro]],Inventario_Libros!A:B,2,0),"Libro No Existe") -> La Odisea | J40: =IFERROR(VLOOKUP(Prestamos[[#This Row],[ID Libro]],Inventario_Libros!A:C,3,0),"Libro No Existe") -> Homero | K40: =IFERROR(VLOOKUP(Prestamos[[#This Row],[ID Libro]],Inventario_Libros!A:D,4,0),"Libro No Existe") -> Clásicos | L40: =IFERROR(VLOOKUP(Prestamos[[#This Row],[ID Libro]],Inventario_Libros!A:E,5,0),"Libro No Existe") -> 1995 | M40: =_xlfn.XLOOKUP(D:D,Inventario_Libros!A:A,Inventario_Libros!G:G,"No Existe",0) -> Est-1 | N40: =IFERROR(VLOOKUP(Prestamos[[#This Row],[ID Libro]],Inventario_Libros!A:H,8,0),"Libro No Existe") -> Activo
A41: Pr2093 | B41: 45908 | C41: 45926 | D41: Lb1195 | E41: Andrés Gómez | F41: Adulto | G41: Retrasado | H41: 3 | I41: =IFERROR(VLOOKUP(Prestamos[[#This Row],[ID Libro]],Inventario_Libros!A:B,2,0),"Libro No Existe") -> El Código Da Vinci | J41: =IFERROR(VLOOKUP(Prestamos[[#This Row],[ID Libro]],Inventario_Libros!A:C,3,0),"Libro No Existe") -> Dan Brown | K41: =IFERROR(VLOOKUP(Prestamos[[#This Row],[ID Libro]],Inventario_Libros!A:D,4,0),"Libro No Existe") -> Misterio | L41: =IFERROR(VLOOKUP(Prestamos[[#This Row],[ID Libro]],Inventario_Libros!A:E,5,0),"Libro No Existe") -> 1937 | M41: =_xlfn.XLOOKUP(D:D,Inventario_Libros!A:A,Inventario_Libros!G:G,"No Existe",0) -> A-1 | N41: =IFERROR(VLOOKUP(Prestamos[[#This Row],[ID Libro]],Inventario_Libros!A:H,8,0),"Libro No Existe") -> Activo
A42: Pr2335 | B42: 45896 | C42: No Asignado | D42: Lb1185 | E42: Jorge Ibáñez | F42: Universidad | G42: Devuelto | H42: 0 | I42: =IFERROR(VLOOKUP(Prestamos[[#This Row],[ID Libro]],Inventario_Libros!A:B,2,0),"Libro No Existe") -> Breve Historia Del Tiempo | J42: =IFERROR(VLOOKUP(Prestamos[[#This Row],[ID Libro]],Inventario_Libros!A:C,3,0),"Libro No Existe") -> Stephen Hawking | K42: =IFERROR(VLOOKUP(Prestamos[[#This Row],[ID Libro]],Inventario_Libros!A:D,4,0),"Libro No Existe") -> Divulgación Científica / Cosmología | L42: =IFERROR(VLOOKUP(Prestamos[[#This Row],[ID Libro]],Inventario_Libros!A:E,5,0),"Libro No Existe") -> 1945 | M42: =_xlfn.XLOOKUP(D:D,Inventario_Libros!A:A,Inventario_Libros!G:G,"No Existe",0) -> C-3 | N42: =IFERROR(VLOOKUP(Prestamos[[#This Row],[ID Libro]],Inventario_Libros!A:H,8,0),"Libro No Existe") -> Retirado
A43: Pr2433 | B43: 45894 | C43: No Asignado | D43: Lb1020 | E43: Carlos Ruiz | F43: Adulto | G43: Retrasado | H43: 5 | I43: =IFERROR(VLOOKUP(Prestamos[[#This Row],[ID Libro]],Inventario_Libros!A:B,2,0),"Libro No Existe") -> Rebelión En La Granja | J43: =IFERROR(VLOOKUP(Prestamos[[#This Row],[ID Libro]],Inventario_Libros!A:C,3,0),"Libro No Existe") -> George Orwell | K43: =IFERROR(VLOOKUP(Prestamos[[#This Row],[ID Libro]],Inventario_Libros!A:D,4,0),"Libro No Existe") -> Ciencia Ficción | L43: =IFERROR(VLOOKUP(Prestamos[[#This Row],[ID Libro]],Inventario_Libros!A:E,5,0),"Libro No Existe") -> 1996 | M43: =_xlfn.XLOOKUP(D:D,Inventario_Libros!A:A,Inventario_Libros!G:G,"No Existe",0) -> C-3 | N43: =IFERROR(VLOOKUP(Prestamos[[#This Row],[ID Libro]],Inventario_Libros!A:H,8,0),"Libro No Existe") -> Retirado
A44: Pr2230 | B44: 45893 | C44: 45918 | D44: Lb1055 | E44: Andrés Gómez | F44: Adulto | G44: Retrasado | H44: 10 | I44: =IFERROR(VLOOKUP(Prestamos[[#This Row],[ID Libro]],Inventario_Libros!A:B,2,0),"Libro No Existe") -> La Sombra Del Viento | J44: =IFERROR(VLOOKUP(Prestamos[[#This Row],[ID Libro]],Inventario_Libros!A:C,3,0),"Libro No Existe") -> Carlos Ruiz Zafón | K44: =IFERROR(VLOOKUP(Prestamos[[#This Row],[ID Libro]],Inventario_Libros!A:D,4,0),"Libro No Existe") -> Misterio | L44: =IFERROR(VLOOKUP(Prestamos[[#This Row],[ID Libro]],Inventario_Libros!A:E,5,0),"Libro No Existe") -> 2022 | M44: =_xlfn.XLOOKUP(D:D,Inventario_Libros!A:A,Inventario_Libros!G:G,"No Existe",0) -> Est-1 | N44: =IFERROR(VLOOKUP(Prestamos[[#This Row],[ID Libro]],Inventario_Libros!A:H,8,0),"Libro No Existe") -> Activo
A45: Pr2126 | B45: 45891 | C45: No Asignado | D45: Lb1015 | E45: Diego Gómez | F45: Estudiante | G45: Retrasado | H45: 7 | I45: =IFERROR(VLOOKUP(Prestamos[[#This Row],[ID Libro]],Inventario_Libros!A:B,2,0),"Libro No Existe") -> La Iliada | J45: =IFERROR(VLOOKUP(Prestamos[[#This Row],[ID Libro]],Inventario_Libros!A:C,3,0),"Libro No Existe") -> Homero | K45: =IFERROR(VLOOKUP(Prestamos[[#This Row],[ID Libro]],Inventario_Libros!A:D,4,0),"Libro No Existe") -> Clásicos | L45: =IFERROR(VLOOKUP(Prestamos[[#This Row],[ID Libro]],Inventario_Libros!A:E,5,0),"Libro No Existe") -> 2021 | M45: =_xlfn.XLOOKUP(D:D,Inventario_Libros!A:A,Inventario_Libros!G:G,"No Existe",0) -> Est-1 | N45: =IFERROR(VLOOKUP(Prestamos[[#This Row],[ID Libro]],Inventario_Libros!A:H,8,0),"Libro No Existe") -> Activo
A46: Pr2551 | B46: 45891 | C46: No Asignado | D46: Lb1037 | E46: Andrés Gómez | F46: Adulto | G46: Retrasado | H46: 5 | I46: =IFERROR(VLOOKUP(Prestamos[[#This Row],[ID Libro]],Inventario_Libros!A:B,2,0),"Libro No Existe") -> Pedro Páramo | J46: =IFERROR(VLOOKUP(Prestamos[[#This Row],[ID Libro]],Inventario_Libros!A:C,3,0),"Libro No Existe") -> Juan Rulfo | K46: =IFERROR(VLOOKUP(Prestamos[[#This Row],[ID Libro]],Inventario_Libros!A:D,4,0),"Libro No Existe") -> Novela | L46: =IFERROR(VLOOKUP(Prestamos[[#This Row],[ID Libro]],Inventario_Libros!A:E,5,0),"Libro No Existe") -> 1934 | M46: =_xlfn.XLOOKUP(D:D,Inventario_Libros!A:A,Inventario_Libros!G:G,"No Existe",0) -> Est-1 | N46: =IFERROR(VLOOKUP(Prestamos[[#This Row],[ID Libro]],Inventario_Libros!A:H,8,0),"Libro No Existe") -> Retirado
A47: Pr2572 | B47: 45891 | C47: No Asignado | D47: Lb1091 | E47: Juan Pérez | F47: Niño | G47: Retrasado | H47: 5 | I47: =IFERROR(VLOOKUP(Prestamos[[#This Row],[ID Libro]],Inventario_Libros!A:B,2,0),"Libro No Existe") -> Matadero Cinco | J47: =IFERROR(VLOOKUP(Prestamos[[#This Row],[ID Libro]],Inventario_Libros!A:C,3,0),"Libro No Existe") -> Kurt Vonnegut | K47: =IFERROR(VLOOKUP(Prestamos[[#This Row],[ID Libro]],Inventario_Libros!A:D,4,0),"Libro No Existe") -> Ciencia Ficción | L47: =IFERROR(VLOOKUP(Prestamos[[#This Row],[ID Libro]],Inventario_Libros!A:E,5,0),"Libro No Existe") -> 1993 | M47: =_xlfn.XLOOKUP(D:D,Inventario_Libros!A:A,Inventario_Libros!G:G,"No Existe",0) -> B-2 | N47: =IFERROR(VLOOKUP(Prestamos[[#This Row],[ID Libro]],Inventario_Libros!A:H,8,0),"Libro No Existe") -> Activo
A48: Pr2434 | B48: 45888 | C48: 45908 | D48: Lb1032 | E48: Andrés Díaz | F48: Adulto | G48: Retrasado | H48: 5 | I48: =IFERROR(VLOOKUP(Prestamos[[#This Row],[ID Libro]],Inventario_Libros!A:B,2,0),"Libro No Existe") -> Los Detectives Salvajes | J48: =IFERROR(VLOOKUP(Prestamos[[#This Row],[ID Libro]],Inventario_Libros!A:C,3,0),"Libro No Existe") -> Roberto Bolaño | K48: =IFERROR(VLOOKUP(Prestamos[[#This Row],[ID Libro]],Inventario_Libros!A:D,4,0),"Libro No Existe") -> Novela | L48: =IFERROR(VLOOKUP(Prestamos[[#This Row],[ID Libro]],Inventario_Libros!A:E,5,0),"Libro No Existe") -> 1897 | M48: =_xlfn.XLOOKUP(D:D,Inventario_Libros!A:A,Inventario_Libros!G:G,"No Existe",0) -> B-2 | N48: =IFERROR(VLOOKUP(Prestamos[[#This Row],[ID Libro]],Inventario_Libros!A:H,8,0),"Libro No Existe") -> Retirado
A49: Pr2279 | B49: 45883 | C49: 45900 | D49: Lb1071 | E49: María López | F49: Niño | G49: Retrasado | H49: 2 | I49: =IFERROR(VLOOKUP(Prestamos[[#This Row],[ID Libro]],Inventario_Libros!A:B,2,0),"Libro No Existe") -> Pedro Páramo | J49: =IFERROR(VLOOKUP(Prestamos[[#This Row],[ID Libro]],Inventario_Libros!A:C,3,0),"Libro No Existe") -> Juan Rulfo | K49: =IFERROR(VLOOKUP(Prestamos[[#This Row],[ID Libro]],Inventario_Libros!A:D,4,0),"Libro No Existe") -> Novela | L49: =IFERROR(VLOOKUP(Prestamos[[#This Row],[ID Libro]],Inventario_Libros!A:E,5,0),"Libro No Existe") -> 1920 | M49: =_xlfn.XLOOKUP(D:D,Inventario_Libros!A:A,Inventario_Libros!G:G,"No Existe",0) -> No Asignado | N49: =IFERROR(VLOOKUP(Prestamos[[#This Row],[ID Libro]],Inventario_Libros!A:H,8,0),"Libro No Existe") -> Retirado
A50: Pr2304 | B50: 45883 | C50: No Asignado | D50: Lb1189 | E50: Miguel Ángel | F50: Niño | G50: Devuelto | H50: 1 | I50: =IFERROR(VLOOKUP(Prestamos[[#This Row],[ID Libro]],Inventario_Libros!A:B,2,0),"Libro No Existe") -> Sobre La Felicidad | J50: =IFERROR(VLOOKUP(Prestamos[[#This Row],[ID Libro]],Inventario_Libros!A:C,3,0),"Libro No Existe") -> Lucio Anneo Séneca | K50: =IFERROR(VLOOKUP(Prestamos[[#This Row],[ID Libro]],Inventario_Libros!A:D,4,0),"Libro No Existe") -> Filosofía Y Pensamiento | L50: =IFERROR(VLOOKUP(Prestamos[[#This Row],[ID Libro]],Inventario_Libros!A:E,5,0),"Libro No Existe") -> 1917 | M50: =_xlfn.XLOOKUP(D:D,Inventario_Libros!A:A,Inventario_Libros!G:G,"No Existe",0) -> B-2 | N50: =IFERROR(VLOOKUP(Prestamos[[#This Row],[ID Libro]],Inventario_Libros!A:H,8,0),"Libro No Existe") -> Retirado
A51: Pr2442 | B51: 45881 | C51: 45898 | D51: Lb1193 | E51: Miguel Ángel | F51: Adulto | G51: Retrasado | H51: 2 | I51: =IFERROR(VLOOKUP(Prestamos[[#This Row],[ID Libro]],Inventario_Libros!A:B,2,0),"Libro No Existe") -> Macbeth | J51: =IFERROR(VLOOKUP(Prestamos[[#This Row],[ID Libro]],Inventario_Libros!A:C,3,0),"Libro No Existe") -> William Shakespeare | K51: =IFERROR(VLOOKUP(Prestamos[[#This Row],[ID Libro]],Inventario_Libros!A:D,4,0),"Libro No Existe") -> Clásicos | L51: =IFERROR(VLOOKUP(Prestamos[[#This Row],[ID Libro]],Inventario_Libros!A:E,5,0),"Libro No Existe") -> 1883 | M51: =_xlfn.XLOOKUP(D:D,Inventario_Libros!A:A,Inventario_Libros!G:G,"No Existe",0) -> Est-1 | N51: =IFERROR(VLOOKUP(Prestamos[[#This Row],[ID Libro]],Inventario_Libros!A:H,8,0),"Libro No Existe") -> Activo
A52: Pr2146 | B52: 45875 | C52: No Asignado | D52: Lb1187 | E52: Noelia Martín | F52: Universidad | G52: Devuelto | H52: 1 | I52: =IFERROR(VLOOKUP(Prestamos[[#This Row],[ID Libro]],Inventario_Libros!A:B,2,0),"Libro No Existe") -> Rebelión En La Granja | J52: =IFERROR(VLOOKUP(Prestamos[[#This Row],[ID Libro]],Inventario_Libros!A:C,3,0),"Libro No Existe") -> George Orwell | K52: =IFERROR(VLOOKUP(Prestamos[[#This Row],[ID Libro]],Inventario_Libros!A:D,4,0),"Libro No Existe") -> Ciencia Ficción | L52: =IFERROR(VLOOKUP(Prestamos[[#This Row],[ID Libro]],Inventario_Libros!A:E,5,0),"Libro No Existe") -> 1910 | M52: =_xlfn.XLOOKUP(D:D,Inventario_Libros!A:A,Inventario_Libros!G:G,"No Existe",0) -> Est-1 | N52: =IFERROR(VLOOKUP(Prestamos[[#This Row],[ID Libro]],Inventario_Libros!A:H,8,0),"Libro No Existe") -> Retirado
A53: Pr2589 | B53: 45875 | C53: No Asignado | D53: Lb1186 | E53: Valentina Mora | F53: Otros | G53: Retrasado | H53: 7 | I53: =IFERROR(VLOOKUP(Prestamos[[#This Row],[ID Libro]],Inventario_Libros!A:B,2,0),"Libro No Existe") -> Los Detectives Salvajes | J53: =IFERROR(VLOOKUP(Prestamos[[#This Row],[ID Libro]],Inventario_Libros!A:C,3,0),"Libro No Existe") -> Roberto Bolaño | K53: =IFERROR(VLOOKUP(Prestamos[[#This Row],[ID Libro]],Inventario_Libros!A:D,4,0),"Libro No Existe") -> Novela | L53: =IFERROR(VLOOKUP(Prestamos[[#This Row],[ID Libro]],Inventario_Libros!A:E,5,0),"Libro No Existe") -> 1898 | M53: =_xlfn.XLOOKUP(D:D,Inventario_Libros!A:A,Inventario_Libros!G:G,"No Existe",0) -> Est-1 | N53: =IFERROR(VLOOKUP(Prestamos[[#This Row],[ID Libro]],Inventario_Libros!A:H,8,0),"Libro No Existe") -> Retirado
A54: Pr2328 | B54: 45872 | C54: No Asignado | D54: Lb1047 | E54: Carolina Rojas | F54: Niño | G54: Devuelto | H54: 0 | I54: =IFERROR(VLOOKUP(Prestamos[[#This Row],[ID Libro]],Inventario_Libros!A:B,2,0),"Libro No Existe") -> El Amor En Los Tiempos Del Cólera | J54: =IFERROR(VLOOKUP(Prestamos[[#This Row],[ID Libro]],Inventario_Libros!A:C,3,0),"Libro No Existe") -> Gabriel García Márquez | K54: =IFERROR(VLOOKUP(Prestamos[[#This Row],[ID Libro]],Inventario_Libros!A:D,4,0),"Libro No Existe") -> Novela | L54: =IFERROR(VLOOKUP(Prestamos[[#This Row],[ID Libro]],Inventario_Libros!A:E,5,0),"Libro No Existe") -> 1963 | M54: =_xlfn.XLOOKUP(D:D,Inventario_Libros!A:A,Inventario_Libros!G:G,"No Existe",0) -> C-3 | N54: =IFERROR(VLOOKUP(Prestamos[[#This Row],[ID Libro]],Inventario_Libros!A:H,8,0),"Libro No Existe") -> Retirado
A55: Pr2231 | B55: 45862 | C55: 45878 | D55: Lb1067 | E55: Luisa Fernández | F55: Niño | G55: Retrasado | H55: 1 | I55: =IFERROR(VLOOKUP(Prestamos[[#This Row],[ID Libro]],Inventario_Libros!A:B,2,0),"Libro No Existe") -> La Iliada | J55: =IFERROR(VLOOKUP(Prestamos[[#This Row],[ID Libro]],Inventario_Libros!A:C,3,0),"Libro No Existe") -> Homero | K55: =IFERROR(VLOOKUP(Prestamos[[#This Row],[ID Libro]],Inventario_Libros!A:D,4,0),"Libro No Existe") -> Clásicos | L55: =IFERROR(VLOOKUP(Prestamos[[#This Row],[ID Libro]],Inventario_Libros!A:E,5,0),"Libro No Existe") -> 1924 | M55: =_xlfn.XLOOKUP(D:D,Inventario_Libros!A:A,Inventario_Libros!G:G,"No Existe",0) -> Est-1 | N55: =IFERROR(VLOOKUP(Prestamos[[#This Row],[ID Libro]],Inventario_Libros!A:H,8,0),"Libro No Existe") -> Activo
A56: Pr2535 | B56: 45860 | C56: No Asignado | D56: Lb1117 | E56: Miguel Ángel | F56: Adulto | G56: Devuelto | H56: 1 | I56: =IFERROR(VLOOKUP(Prestamos[[#This Row],[ID Libro]],Inventario_Libros!A:B,2,0),"Libro No Existe") -> 1984 | J56: =IFERROR(VLOOKUP(Prestamos[[#This Row],[ID Libro]],Inventario_Libros!A:C,3,0),"Libro No Existe") -> George Orwell | K56: =IFERROR(VLOOKUP(Prestamos[[#This Row],[ID Libro]],Inventario_Libros!A:D,4,0),"Libro No Existe") -> Ciencia Ficción | L56: =IFERROR(VLOOKUP(Prestamos[[#This Row],[ID Libro]],Inventario_Libros!A:E,5,0),"Libro No Existe") -> 1893 | M56: =_xlfn.XLOOKUP(D:D,Inventario_Libros!A:A,Inventario_Libros!G:G,"No Existe",0) -> C-3 | N56: =IFERROR(VLOOKUP(Prestamos[[#This Row],[ID Libro]],Inventario_Libros!A:H,8,0),"Libro No Existe") -> Activo
A57: Pr2536 | B57: 45857 | C57: No Asignado | D57: Lb1150 | E57: Valentina Mora | F57: Niño | G57: Devuelto | H57: 0 | I57: =IFERROR(VLOOKUP(Prestamos[[#This Row],[ID Libro]],Inventario_Libros!A:B,2,0),"Libro No Existe") -> 1984 | J57: =IFERROR(VLOOKUP(Prestamos[[#This Row],[ID Libro]],Inventario_Libros!A:C,3,0),"Libro No Existe") -> George Orwell | K57: =IFERROR(VLOOKUP(Prestamos[[#This Row],[ID Libro]],Inventario_Libros!A:D,4,0),"Libro No Existe") -> Ciencia Ficción | L57: =IFERROR(VLOOKUP(Prestamos[[#This Row],[ID Libro]],Inventario_Libros!A:E,5,0),"Libro No Existe") -> 1920 | M57: =_xlfn.XLOOKUP(D:D,Inventario_Libros!A:A,Inventario_Libros!G:G,"No Existe",0) -> C-3 | N57: =IFERROR(VLOOKUP(Prestamos[[#This Row],[ID Libro]],Inventario_Libros!A:H,8,0),"Libro No Existe") -> Activo
A58: Pr2556 | B58: 45849 | C58: No Asignado | D58: Lb1017 | E58: Carolina Rojas | F58: Otros | G58: Retrasado | H58: 7 | I58: =IFERROR(VLOOKUP(Prestamos[[#This Row],[ID Libro]],Inventario_Libros!A:B,2,0),"Libro No Existe") -> Crónica De Una Muerte Anunciada | J58: =IFERROR(VLOOKUP(Prestamos[[#This Row],[ID Libro]],Inventario_Libros!A:C,3,0),"Libro No Existe") -> Gabriel García Márquez | K58: =IFERROR(VLOOKUP(Prestamos[[#This Row],[ID Libro]],Inventario_Libros!A:D,4,0),"Libro No Existe") -> Novela | L58: =IFERROR(VLOOKUP(Prestamos[[#This Row],[ID Libro]],Inventario_Libros!A:E,5,0),"Libro No Existe") -> 1999 | M58: =_xlfn.XLOOKUP(D:D,Inventario_Libros!A:A,Inventario_Libros!G:G,"No Existe",0) -> A-1 | N58: =IFERROR(VLOOKUP(Prestamos[[#This Row],[ID Libro]],Inventario_Libros!A:H,8,0),"Libro No Existe") -> Activo
A59: Pr2117 | B59: 45842 | C59: No Asignado | D59: Lb1031 | E59: María López | F59: Adulto | G59: Retrasado | H59: 7 | I59: =IFERROR(VLOOKUP(Prestamos[[#This Row],[ID Libro]],Inventario_Libros!A:B,2,0),"Libro No Existe") -> Breve Historia Del Tiempo | J59: =IFERROR(VLOOKUP(Prestamos[[#This Row],[ID Libro]],Inventario_Libros!A:C,3,0),"Libro No Existe") -> Stephen Hawking | K59: =IFERROR(VLOOKUP(Prestamos[[#This Row],[ID Libro]],Inventario_Libros!A:D,4,0),"Libro No Existe") -> Divulgación Científica / Cosmología | L59: =IFERROR(VLOOKUP(Prestamos[[#This Row],[ID Libro]],Inventario_Libros!A:E,5,0),"Libro No Existe") -> 1889 | M59: =_xlfn.XLOOKUP(D:D,Inventario_Libros!A:A,Inventario_Libros!G:G,"No Existe",0) -> Est-1 | N59: =IFERROR(VLOOKUP(Prestamos[[#This Row],[ID Libro]],Inventario_Libros!A:H,8,0),"Libro No Existe") -> Retirado
A60: Pr2110 | B60: 45841 | C60: No Asignado | D60: Lb1177 | E60: Camila Álvarez | F60: Universidad | G60: Devuelto | H60: 0 | I60: =IFERROR(VLOOKUP(Prestamos[[#This Row],[ID Libro]],Inventario_Libros!A:B,2,0),"Libro No Existe") -> Matadero Cinco | J60: =IFERROR(VLOOKUP(Prestamos[[#This Row],[ID Libro]],Inventario_Libros!A:C,3,0),"Libro No Existe") -> Kurt Vonnegut | K60: =IFERROR(VLOOKUP(Prestamos[[#This Row],[ID Libro]],Inventario_Libros!A:D,4,0),"Libro No Existe") -> Ciencia Ficción | L60: =IFERROR(VLOOKUP(Prestamos[[#This Row],[ID Libro]],Inventario_Libros!A:E,5,0),"Libro No Existe") -> 1984 | M60: =_xlfn.XLOOKUP(D:D,Inventario_Libros!A:A,Inventario_Libros!G:G,"No Existe",0) -> A-1 | N60: =IFERROR(VLOOKUP(Prestamos[[#This Row],[ID Libro]],Inventario_Libros!A:H,8,0),"Libro No Existe") -> Retirado
A61: Pr2285 | B61: 45836 | C61: 45856 | D61: Lb1193 | E61: María López | F61: Adulto | G61: Retrasado | H61: 5 | I61: =IFERROR(VLOOKUP(Prestamos[[#This Row],[ID Libro]],Inventario_Libros!A:B,2,0),"Libro No Existe") -> Macbeth | J61: =IFERROR(VLOOKUP(Prestamos[[#This Row],[ID Libro]],Inventario_Libros!A:C,3,0),"Libro No Existe") -> William Shakespeare | K61: =IFERROR(VLOOKUP(Prestamos[[#This Row],[ID Libro]],Inventario_Libros!A:D,4,0),"Libro No Existe") -> Clásicos | L61: =IFERROR(VLOOKUP(Prestamos[[#This Row],[ID Libro]],Inventario_Libros!A:E,5,0),"Libro No Existe") -> 1883 | M61: =_xlfn.XLOOKUP(D:D,Inventario_Libros!A:A,Inventario_Libros!G:G,"No Existe",0) -> Est-1 | N61: =IFERROR(VLOOKUP(Prestamos[[#This Row],[ID Libro]],Inventario_Libros!A:H,8,0),"Libro No Existe") -> Activo
A62: Pr2287 | B62: 45833 | C62: 45858 | D62: Lb1084 | E62: Carlos Ruiz | F62: Estudiante | G62: Retrasado | H62: 10 | I62: =IFERROR(VLOOKUP(Prestamos[[#This Row],[ID Libro]],Inventario_Libros!A:B,2,0),"Libro No Existe") -> El Código Da Vinci | J62: =IFERROR(VLOOKUP(Prestamos[[#This Row],[ID Libro]],Inventario_Libros!A:C,3,0),"Libro No Existe") -> Dan Brown | K62: =IFERROR(VLOOKUP(Prestamos[[#This Row],[ID Libro]],Inventario_Libros!A:D,4,0),"Libro No Existe") -> Misterio | L62: =IFERROR(VLOOKUP(Prestamos[[#This Row],[ID Libro]],Inventario_Libros!A:E,5,0),"Libro No Existe") -> 1944 | M62: =_xlfn.XLOOKUP(D:D,Inventario_Libros!A:A,Inventario_Libros!G:G,"No Existe",0) -> A-1 | N62: =IFERROR(VLOOKUP(Prestamos[[#This Row],[ID Libro]],Inventario_Libros!A:H,8,0),"Libro No Existe") -> Activo
A63: Pr2102 | B63: 45829 | C63: 45854 | D63: Lb1037 | E63: Jorge Ibáñez | F63: Adulto | G63: Retrasado | H63: 10 | I63: =IFERROR(VLOOKUP(Prestamos[[#This Row],[ID Libro]],Inventario_Libros!A:B,2,0),"Libro No Existe") -> Pedro Páramo | J63: =IFERROR(VLOOKUP(Prestamos[[#This Row],[ID Libro]],Inventario_Libros!A:C,3,0),"Libro No Existe") -> Juan Rulfo | K63: =IFERROR(VLOOKUP(Prestamos[[#This Row],[ID Libro]],Inventario_Libros!A:D,4,0),"Libro No Existe") -> Novela | L63: =IFERROR(VLOOKUP(Prestamos[[#This Row],[ID Libro]],Inventario_Libros!A:E,5,0),"Libro No Existe") -> 1934 | M63: =_xlfn.XLOOKUP(D:D,Inventario_Libros!A:A,Inventario_Libros!G:G,"No Existe",0) -> Est-1 | N63: =IFERROR(VLOOKUP(Prestamos[[#This Row],[ID Libro]],Inventario_Libros!A:H,8,0),"Libro No Existe") -> Retirado
A64: Pr2195 | B64: 45829 | C64: No Asignado | D64: Lb1142 | E64: Valentina Mora | F64: Adulto | G64: Devuelto | H64: 0 | I64: =IFERROR(VLOOKUP(Prestamos[[#This Row],[ID Libro]],Inventario_Libros!A:B,2,0),"Libro No Existe") -> Breve Historia Del Tiempo | J64: =IFERROR(VLOOKUP(Prestamos[[#This Row],[ID Libro]],Inventario_Libros!A:C,3,0),"Libro No Existe") -> Stephen Hawking | K64: =IFERROR(VLOOKUP(Prestamos[[#This Row],[ID Libro]],Inventario_Libros!A:D,4,0),"Libro No Existe") -> Divulgación Científica / Cosmología | L64: =IFERROR(VLOOKUP(Prestamos[[#This Row],[ID Libro]],Inventario_Libros!A:E,5,0),"Libro No Existe") -> 2021 | M64: =_xlfn.XLOOKUP(D:D,Inventario_Libros!A:A,Inventario_Libros!G:G,"No Existe",0) -> Est-1 | N64: =IFERROR(VLOOKUP(Prestamos[[#This Row],[ID Libro]],Inventario_Libros!A:H,8,0),"Libro No Existe") -> Activo
A65: Pr2105 | B65: 45819 | C65: No Asignado | D65: Lb1126 | E65: Luisa Fernández | F65: Adulto | G65: Devuelto | H65: 1 | I65: =IFERROR(VLOOKUP(Prestamos[[#This Row],[ID Libro]],Inventario_Libros!A:B,2,0),"Libro No Existe") -> Crónica De Una Muerte Anunciada | J65: =IFERROR(VLOOKUP(Prestamos[[#This Row],[ID Libro]],Inventario_Libros!A:C,3,0),"Libro No Existe") -> Gabriel García Márquez | K65: =IFERROR(VLOOKUP(Prestamos[[#This Row],[ID Libro]],Inventario_Libros!A:D,4,0),"Libro No Existe") -> Novela | L65: =IFERROR(VLOOKUP(Prestamos[[#This Row],[ID Libro]],Inventario_Libros!A:E,5,0),"Libro No Existe") -> 1965 | M65: =_xlfn.XLOOKUP(D:D,Inventario_Libros!A:A,Inventario_Libros!G:G,"No Existe",0) -> A-1 | N65: =IFERROR(VLOOKUP(Prestamos[[#This Row],[ID Libro]],Inventario_Libros!A:H,8,0),"Libro No Existe") -> Activo
A66: Pr2155 | B66: 45819 | C66: No Asignado | D66: Lb1133 | E66: Pedro Sánchez | F66: Adulto | G66: Retrasado | H66: 7 | I66: =IFERROR(VLOOKUP(Prestamos[[#This Row],[ID Libro]],Inventario_Libros!A:B,2,0),"Libro No Existe") -> Don Quijote De La Mancha | J66: =IFERROR(VLOOKUP(Prestamos[[#This Row],[ID Libro]],Inventario_Libros!A:C,3,0),"Libro No Existe") -> Miguel De Cervantes | K66: =IFERROR(VLOOKUP(Prestamos[[#This Row],[ID Libro]],Inventario_Libros!A:D,4,0),"Libro No Existe") -> Novela | L66: =IFERROR(VLOOKUP(Prestamos[[#This Row],[ID Libro]],Inventario_Libros!A:E,5,0),"Libro No Existe") -> 1944 | M66: =_xlfn.XLOOKUP(D:D,Inventario_Libros!A:A,Inventario_Libros!G:G,"No Existe",0) -> B-2 | N66: =IFERROR(VLOOKUP(Prestamos[[#This Row],[ID Libro]],Inventario_Libros!A:H,8,0),"Libro No Existe") -> Activo
A67: Pr2274 | B67: 45819 | C67: No Asignado | D67: Lb1106 | E67: Pedro Sánchez | F67: Adulto | G67: Devuelto | H67: 0 | I67: =IFERROR(VLOOKUP(Prestamos[[#This Row],[ID Libro]],Inventario_Libros!A:B,2,0),"Libro No Existe") -> Ficciones | J67: =IFERROR(VLOOKUP(Prestamos[[#This Row],[ID Libro]],Inventario_Libros!A:C,3,0),"Libro No Existe") -> Jorge Luis Borges | K67: =IFERROR(VLOOKUP(Prestamos[[#This Row],[ID Libro]],Inventario_Libros!A:D,4,0),"Libro No Existe") -> Cuentos / Fantasía Metafísica | L67: =IFERROR(VLOOKUP(Prestamos[[#This Row],[ID Libro]],Inventario_Libros!A:E,5,0),"Libro No Existe") -> 1990 | M67: =_xlfn.XLOOKUP(D:D,Inventario_Libros!A:A,Inventario_Libros!G:G,"No Existe",0) -> B-2 | N67: =IFERROR(VLOOKUP(Prestamos[[#This Row],[ID Libro]],Inventario_Libros!A:H,8,0),"Libro No Existe") -> Retirado
A68: Pr2441 | B68: 45819 | C68: 45839 | D68: Lb1108 | E68: Pablo López | F68: Adulto | G68: Retrasado | H68: 5 | I68: =IFERROR(VLOOKUP(Prestamos[[#This Row],[ID Libro]],Inventario_Libros!A:B,2,0),"Libro No Existe") -> La Casa De Los Espíritus | J68: =IFERROR(VLOOKUP(Prestamos[[#This Row],[ID Libro]],Inventario_Libros!A:C,3,0),"Libro No Existe") -> Isabel Allende | K68: =IFERROR(VLOOKUP(Prestamos[[#This Row],[ID Libro]],Inventario_Libros!A:D,4,0),"Libro No Existe") -> Novela | L68: =IFERROR(VLOOKUP(Prestamos[[#This Row],[ID Libro]],Inventario_Libros!A:E,5,0),"Libro No Existe") -> 1938 | M68: =_xlfn.XLOOKUP(D:D,Inventario_Libros!A:A,Inventario_Libros!G:G,"No Existe",0) -> Est-1 | N68: =IFERROR(VLOOKUP(Prestamos[[#This Row],[ID Libro]],Inventario_Libros!A:H,8,0),"Libro No Existe") -> Activo
A69: Pr2388 | B69: 45814 | C69: No Asignado | D69: Lb1059 | E69: Juan Pérez | F69: Niño | G69: Devuelto | H69: 1 | I69: =IFERROR(VLOOKUP(Prestamos[[#This Row],[ID Libro]],Inventario_Libros!A:B,2,0),"Libro No Existe") -> La Ciudad Y Los Perros | J69: =IFERROR(VLOOKUP(Prestamos[[#This Row],[ID Libro]],Inventario_Libros!A:C,3,0),"Libro No Existe") -> Mario Vargas Llosa | K69: =IFERROR(VLOOKUP(Prestamos[[#This Row],[ID Libro]],Inventario_Libros!A:D,4,0),"Libro No Existe") -> Novela | L69: =IFERROR(VLOOKUP(Prestamos[[#This Row],[ID Libro]],Inventario_Libros!A:E,5,0),"Libro No Existe") -> 1891 | M69: =_xlfn.XLOOKUP(D:D,Inventario_Libros!A:A,Inventario_Libros!G:G,"No Existe",0) -> Est-1 | N69: =IFERROR(VLOOKUP(Prestamos[[#This Row],[ID Libro]],Inventario_Libros!A:H,8,0),"Libro No Existe") -> Retirado
A70: Pr2004 | B70: 45812 | C70: No Asignado | D70: Lb1111 | E70: Valentina Mora | F70: Niño | G70: Retrasado | H70: 7 | I70: =IFERROR(VLOOKUP(Prestamos[[#This Row],[ID Libro]],Inventario_Libros!A:B,2,0),"Libro No Existe") -> Matadero Cinco | J70: =IFERROR(VLOOKUP(Prestamos[[#This Row],[ID Libro]],Inventario_Libros!A:C,3,0),"Libro No Existe") -> Kurt Vonnegut | K70: =IFERROR(VLOOKUP(Prestamos[[#This Row],[ID Libro]],Inventario_Libros!A:D,4,0),"Libro No Existe") -> Ciencia Ficción | L70: =IFERROR(VLOOKUP(Prestamos[[#This Row],[ID Libro]],Inventario_Libros!A:E,5,0),"Libro No Existe") -> 1923 | M70: =_xlfn.XLOOKUP(D:D,Inventario_Libros!A:A,Inventario_Libros!G:G,"No Existe",0) -> Est-1 | N70: =IFERROR(VLOOKUP(Prestamos[[#This Row],[ID Libro]],Inventario_Libros!A:H,8,0),"Libro No Existe") -> Retirado
A71: Pr2052 | B71: 45807 | C71: No Asignado | D71: Lb1002 | E71: Diego Gómez | F71: Otros | G71: Devuelto | H71: 0 | I71: =IFERROR(VLOOKUP(Prestamos[[#This Row],[ID Libro]],Inventario_Libros!A:B,2,0),"Libro No Existe") -> El Amor En Los Tiempos Del Cólera | J71: =IFERROR(VLOOKUP(Prestamos[[#This Row],[ID Libro]],Inventario_Libros!A:C,3,0),"Libro No Existe") -> Gabriel García Márquez | K71: =IFERROR(VLOOKUP(Prestamos[[#This Row],[ID Libro]],Inventario_Libros!A:D,4,0),"Libro No Existe") -> Novela | L71: =IFERROR(VLOOKUP(Prestamos[[#This Row],[ID Libro]],Inventario_Libros!A:E,5,0),"Libro No Existe") -> 1936 | M71: =_xlfn.XLOOKUP(D:D,Inventario_Libros!A:A,Inventario_Libros!G:G,"No Existe",0) -> Est-1 | N71: =IFERROR(VLOOKUP(Prestamos[[#This Row],[ID Libro]],Inventario_Libros!A:H,8,0),"Libro No Existe") -> Activo
A72: Pr2372 | B72: 45800 | C72: 45816 | D72: Lb1107 | E72: Carolina Rojas | F72: Niño | G72: Retrasado | H72: 1 | I72: =IFERROR(VLOOKUP(Prestamos[[#This Row],[ID Libro]],Inventario_Libros!A:B,2,0),"Libro No Existe") -> Orgullo Y Prejuicio | J72: =IFERROR(VLOOKUP(Prestamos[[#This Row],[ID Libro]],Inventario_Libros!A:C,3,0),"Libro No Existe") -> Jane Austen | K72: =IFERROR(VLOOKUP(Prestamos[[#This Row],[ID Libro]],Inventario_Libros!A:D,4,0),"Libro No Existe") -> Novela | L72: =IFERROR(VLOOKUP(Prestamos[[#This Row],[ID Libro]],Inventario_Libros!A:E,5,0),"Libro No Existe") -> 1934 | M72: =_xlfn.XLOOKUP(D:D,Inventario_Libros!A:A,Inventario_Libros!G:G,"No Existe",0) -> A-1 | N72: =IFERROR(VLOOKUP(Prestamos[[#This Row],[ID Libro]],Inventario_Libros!A:H,8,0),"Libro No Existe") -> Activo
A73: Pr2039 | B73: 45799 | C73: No Asignado | D73: Lb1195 | E73: Jorge Ibáñez | F73: Adulto | G73: Devuelto | H73: 0 | I73: =IFERROR(VLOOKUP(Prestamos[[#This Row],[ID Libro]],Inventario_Libros!A:B,2,0),"Libro No Existe") -> El Código Da Vinci | J73: =IFERROR(VLOOKUP(Prestamos[[#This Row],[ID Libro]],Inventario_Libros!A:C,3,0),"Libro No Existe") -> Dan Brown | K73: =IFERROR(VLOOKUP(Prestamos[[#This Row],[ID Libro]],Inventario_Libros!A:D,4,0),"Libro No Existe") -> Misterio | L73: =IFERROR(VLOOKUP(Prestamos[[#This Row],[ID Libro]],Inventario_Libros!A:E,5,0),"Libro No Existe") -> 1937 | M73: =_xlfn.XLOOKUP(D:D,Inventario_Libros!A:A,Inventario_Libros!G:G,"No Existe",0) -> A-1 | N73: =IFERROR(VLOOKUP(Prestamos[[#This Row],[ID Libro]],Inventario_Libros!A:H,8,0),"Libro No Existe") -> Activo
A74: Pr2407 | B74: 45791 | C74: No Asignado | D74: Lb1121 | E74: Felipe Ramírez | F74: Adulto | G74: Devuelto | H74: 5 | I74: =IFERROR(VLOOKUP(Prestamos[[#This Row],[ID Libro]],Inventario_Libros!A:B,2,0),"Libro No Existe") -> Orgullo Y Prejuicio | J74: =IFERROR(VLOOKUP(Prestamos[[#This Row],[ID Libro]],Inventario_Libros!A:C,3,0),"Libro No Existe") -> Jane Austen | K74: =IFERROR(VLOOKUP(Prestamos[[#This Row],[ID Libro]],Inventario_Libros!A:D,4,0),"Libro No Existe") -> Novela | L74: =IFERROR(VLOOKUP(Prestamos[[#This Row],[ID Libro]],Inventario_Libros!A:E,5,0),"Libro No Existe") -> 1976 | M74: =_xlfn.XLOOKUP(D:D,Inventario_Libros!A:A,Inventario_Libros!G:G,"No Existe",0) -> A-1 | N74: =IFERROR(VLOOKUP(Prestamos[[#This Row],[ID Libro]],Inventario_Libros!A:H,8,0),"Libro No Existe") -> Retirado
A75: Pr2011 | B75: 45785 | C75: No Asignado | D75: Lb1058 | E75: Juan Pérez | F75: Universidad | G75: Retrasado | H75: 7 | I75: =IFERROR(VLOOKUP(Prestamos[[#This Row],[ID Libro]],Inventario_Libros!A:B,2,0),"Libro No Existe") -> Crónica De Una Muerte Anunciada | J75: =IFERROR(VLOOKUP(Prestamos[[#This Row],[ID Libro]],Inventario_Libros!A:C,3,0),"Libro No Existe") -> Gabriel García Márquez | K75: =IFERROR(VLOOKUP(Prestamos[[#This Row],[ID Libro]],Inventario_Libros!A:D,4,0),"Libro No Existe") -> Novela | L75: =IFERROR(VLOOKUP(Prestamos[[#This Row],[ID Libro]],Inventario_Libros!A:E,5,0),"Libro No Existe") -> 1929 | M75: =_xlfn.XLOOKUP(D:D,Inventario_Libros!A:A,Inventario_Libros!G:G,"No Existe",0) -> Est-1 | N75: =IFERROR(VLOOKUP(Prestamos[[#This Row],[ID Libro]],Inventario_Libros!A:H,8,0),"Libro No Existe") -> Activo
A76: Pr2509 | B76: 45778 | C76: 45795 | D76: Lb1169 | E76: Andrés Gómez | F76: Adulto | G76: Retrasado | H76: 2 | I76: =IFERROR(VLOOKUP(Prestamos[[#This Row],[ID Libro]],Inventario_Libros!A:B,2,0),"Libro No Existe") -> La Sombra Del Viento | J76: =IFERROR(VLOOKUP(Prestamos[[#This Row],[ID Libro]],Inventario_Libros!A:C,3,0),"Libro No Existe") -> Carlos Ruiz Zafón | K76: =IFERROR(VLOOKUP(Prestamos[[#This Row],[ID Libro]],Inventario_Libros!A:D,4,0),"Libro No Existe") -> Misterio | L76: =IFERROR(VLOOKUP(Prestamos[[#This Row],[ID Libro]],Inventario_Libros!A:E,5,0),"Libro No Existe") -> 1929 | M76: =_xlfn.XLOOKUP(D:D,Inventario_Libros!A:A,Inventario_Libros!G:G,"No Existe",0) -> Est-1 | N76: =IFERROR(VLOOKUP(Prestamos[[#This Row],[ID Libro]],Inventario_Libros!A:H,8,0),"Libro No Existe") -> Retirado
A77: Pr2369 | B77: 45774 | C77: No Asignado | D77: Lb1037 | E77: Noelia Martín | F77: Niño | G77: Devuelto | H77: 5 | I77: =IFERROR(VLOOKUP(Prestamos[[#This Row],[ID Libro]],Inventario_Libros!A:B,2,0),"Libro No Existe") -> Pedro Páramo | J77: =IFERROR(VLOOKUP(Prestamos[[#This Row],[ID Libro]],Inventario_Libros!A:C,3,0),"Libro No Existe") -> Juan Rulfo | K77: =IFERROR(VLOOKUP(Prestamos[[#This Row],[ID Libro]],Inventario_Libros!A:D,4,0),"Libro No Existe") -> Novela | L77: =IFERROR(VLOOKUP(Prestamos[[#This Row],[ID Libro]],Inventario_Libros!A:E,5,0),"Libro No Existe") -> 1934 | M77: =_xlfn.XLOOKUP(D:D,Inventario_Libros!A:A,Inventario_Libros!G:G,"No Existe",0) -> Est-1 | N77: =IFERROR(VLOOKUP(Prestamos[[#This Row],[ID Libro]],Inventario_Libros!A:H,8,0),"Libro No Existe") -> Retirado
A78: Pr2515 | B78: 45774 | C78: No Asignado | D78: Lb1196 | E78: Andrés Gómez | F78: Estudiante | G78: Retrasado | H78: 3 | I78: =IFERROR(VLOOKUP(Prestamos[[#This Row],[ID Libro]],Inventario_Libros!A:B,2,0),"Libro No Existe") -> El Amor En Los Tiempos Del Cólera | J78: =IFERROR(VLOOKUP(Prestamos[[#This Row],[ID Libro]],Inventario_Libros!A:C,3,0),"Libro No Existe") -> Gabriel García Márquez | K78: =IFERROR(VLOOKUP(Prestamos[[#This Row],[ID Libro]],Inventario_Libros!A:D,4,0),"Libro No Existe") -> Novela | L78: =IFERROR(VLOOKUP(Prestamos[[#This Row],[ID Libro]],Inventario_Libros!A:E,5,0),"Libro No Existe") -> 1991 | M78: =_xlfn.XLOOKUP(D:D,Inventario_Libros!A:A,Inventario_Libros!G:G,"No Existe",0) -> C-3 | N78: =IFERROR(VLOOKUP(Prestamos[[#This Row],[ID Libro]],Inventario_Libros!A:H,8,0),"Libro No Existe") -> Activo
A79: Pr2413 | B79: 45772 | C79: No Asignado | D79: Lb1114 | E79: Valentina Mora | F79: Universidad | G79: Devuelto | H79: 5 | I79: =IFERROR(VLOOKUP(Prestamos[[#This Row],[ID Libro]],Inventario_Libros!A:B,2,0),"Libro No Existe") -> Rebelión En La Granja | J79: =IFERROR(VLOOKUP(Prestamos[[#This Row],[ID Libro]],Inventario_Libros!A:C,3,0),"Libro No Existe") -> George Orwell | K79: =IFERROR(VLOOKUP(Prestamos[[#This Row],[ID Libro]],Inventario_Libros!A:D,4,0),"Libro No Existe") -> Ciencia Ficción | L79: =IFERROR(VLOOKUP(Prestamos[[#This Row],[ID Libro]],Inventario_Libros!A:E,5,0),"Libro No Existe") -> 1995 | M79: =_xlfn.XLOOKUP(D:D,Inventario_Libros!A:A,Inventario_Libros!G:G,"No Existe",0) -> A-1 | N79: =IFERROR(VLOOKUP(Prestamos[[#This Row],[ID Libro]],Inventario_Libros!A:H,8,0),"Libro No Existe") -> Activo
A80: Pr2229 | B80: 45771 | C80: 45787 | D80: Lb1180 | E80: Valentina Mora | F80: Universidad | G80: Retrasado | H80: 1 | I80: =IFERROR(VLOOKUP(Prestamos[[#This Row],[ID Libro]],Inventario_Libros!A:B,2,0),"Libro No Existe") -> Crónica De Una Muerte Anunciada | J80: =IFERROR(VLOOKUP(Prestamos[[#This Row],[ID Libro]],Inventario_Libros!A:C,3,0),"Libro No Existe") -> Gabriel García Márquez | K80: =IFERROR(VLOOKUP(Prestamos[[#This Row],[ID Libro]],Inventario_Libros!A:D,4,0),"Libro No Existe") -> Novela | L80: =IFERROR(VLOOKUP(Prestamos[[#This Row],[ID Libro]],Inventario_Libros!A:E,5,0),"Libro No Existe") -> 1987 | M80: =_xlfn.XLOOKUP(D:D,Inventario_Libros!A:A,Inventario_Libros!G:G,"No Existe",0) -> A-1 | N80: =IFERROR(VLOOKUP(Prestamos[[#This Row],[ID Libro]],Inventario_Libros!A:H,8,0),"Libro No Existe") -> Activo
A81: Pr2213 | B81: 45769 | C81: No Asignado | D81: Lb1022 | E81: Ana Gómez | F81: Niño | G81: Devuelto | H81: 5 | I81: =IFERROR(VLOOKUP(Prestamos[[#This Row],[ID Libro]],Inventario_Libros!A:B,2,0),"Libro No Existe") -> Don Quijote De La Mancha | J81: =IFERROR(VLOOKUP(Prestamos[[#This Row],[ID Libro]],Inventario_Libros!A:C,3,0),"Libro No Existe") -> Miguel De Cervantes | K81: =IFERROR(VLOOKUP(Prestamos[[#This Row],[ID Libro]],Inventario_Libros!A:D,4,0),"Libro No Existe") -> Novela | L81: =IFERROR(VLOOKUP(Prestamos[[#This Row],[ID Libro]],Inventario_Libros!A:E,5,0),"Libro No Existe") -> 1910 | M81: =_xlfn.XLOOKUP(D:D,Inventario_Libros!A:A,Inventario_Libros!G:G,"No Existe",0) -> B-2 | N81: =IFERROR(VLOOKUP(Prestamos[[#This Row],[ID Libro]],Inventario_Libros!A:H,8,0),"Libro No Existe") -> Activo
A82: Pr2401 | B82: 45769 | C82: 45794 | D82: Lb1010 | E82: Diego Gómez | F82: Adulto | G82: Retrasado | H82: 10 | I82: =IFERROR(VLOOKUP(Prestamos[[#This Row],[ID Libro]],Inventario_Libros!A:B,2,0),"Libro No Existe") -> La Odisea | J82: =IFERROR(VLOOKUP(Prestamos[[#This Row],[ID Libro]],Inventario_Libros!A:C,3,0),"Libro No Existe") -> Homero | K82: =IFERROR(VLOOKUP(Prestamos[[#This Row],[ID Libro]],Inventario_Libros!A:D,4,0),"Libro No Existe") -> Clásicos | L82: =IFERROR(VLOOKUP(Prestamos[[#This Row],[ID Libro]],Inventario_Libros!A:E,5,0),"Libro No Existe") -> 2021 | M82: =_xlfn.XLOOKUP(D:D,Inventario_Libros!A:A,Inventario_Libros!G:G,"No Existe",0) -> A-1 | N82: =IFERROR(VLOOKUP(Prestamos[[#This Row],[ID Libro]],Inventario_Libros!A:H,8,0),"Libro No Existe") -> Activo
A83: Pr2133 | B83: 45765 | C83: No Asignado | D83: Lb1046 | E83: Sofía Torres | F83: Universidad | G83: Retrasado | H83: 3 | I83: =IFERROR(VLOOKUP(Prestamos[[#This Row],[ID Libro]],Inventario_Libros!A:B,2,0),"Libro No Existe") -> Cien Años De Soledad | J83: =IFERROR(VLOOKUP(Prestamos[[#This Row],[ID Libro]],Inventario_Libros!A:C,3,0),"Libro No Existe") -> Gabriel García Márquez | K83: =IFERROR(VLOOKUP(Prestamos[[#This Row],[ID Libro]],Inventario_Libros!A:D,4,0),"Libro No Existe") -> Novela | L83: =IFERROR(VLOOKUP(Prestamos[[#This Row],[ID Libro]],Inventario_Libros!A:E,5,0),"Libro No Existe") -> 2016 | M83: =_xlfn.XLOOKUP(D:D,Inventario_Libros!A:A,Inventario_Libros!G:G,"No Existe",0) -> C-3 | N83: =IFERROR(VLOOKUP(Prestamos[[#This Row],[ID Libro]],Inventario_Libros!A:H,8,0),"Libro No Existe") -> Activo
A84: Pr2437 | B84: 45765 | C84: No Asignado | D84: Lb1072 | E84: Felipe Ramírez | F84: Estudiante | G84: Retrasado | H84: 3 | I84: =IFERROR(VLOOKUP(Prestamos[[#This Row],[ID Libro]],Inventario_Libros!A:B,2,0),"Libro No Existe") -> El Amor En Los Tiempos Del Cólera | J84: =IFERROR(VLOOKUP(Prestamos[[#This Row],[ID Libro]],Inventario_Libros!A:C,3,0),"Libro No Existe") -> Gabriel García Márquez | K84: =IFERROR(VLOOKUP(Prestamos[[#This Row],[ID Libro]],Inventario_Libros!A:D,4,0),"Libro No Existe") -> Novela | L84: =IFERROR(VLOOKUP(Prestamos[[#This Row],[ID Libro]],Inventario_Libros!A:E,5,0),"Libro No Existe") -> 1954 | M84: =_xlfn.XLOOKUP(D:D,Inventario_Libros!A:A,Inventario_Libros!G:G,"No Existe",0) -> B-2 | N84: =IFERROR(VLOOKUP(Prestamos[[#This Row],[ID Libro]],Inventario_Libros!A:H,8,0),"Libro No Existe") -> Retirado
A85: Pr2054 | B85: 45763 | C85: 45779 | D85: Lb1087 | E85: Juan Pérez | F85: Adulto | G85: Retrasado | H85: 1 | I85: =IFERROR(VLOOKUP(Prestamos[[#This Row],[ID Libro]],Inventario_Libros!A:B,2,0),"Libro No Existe") -> El Amor En Los Tiempos Del Cólera | J85: =IFERROR(VLOOKUP(Prestamos[[#This Row],[ID Libro]],Inventario_Libros!A:C,3,0),"Libro No Existe") -> Gabriel García Márquez | K85: =IFERROR(VLOOKUP(Prestamos[[#This Row],[ID Libro]],Inventario_Libros!A:D,4,0),"Libro No Existe") -> Novela | L85: =IFERROR(VLOOKUP(Prestamos[[#This Row],[ID Libro]],Inventario_Libros!A:E,5,0),"Libro No Existe") -> 2022 | M85: =_xlfn.XLOOKUP(D:D,Inventario_Libros!A:A,Inventario_Libros!G:G,"No Existe",0) -> A-1 | N85: =IFERROR(VLOOKUP(Prestamos[[#This Row],[ID Libro]],Inventario_Libros!A:H,8,0),"Libro No Existe") -> Activo
A86: Pr2173 | B86: 45763 | C86: No Asignado | D86: Lb1006 | E86: Sofía Torres | F86: Adulto | G86: Devuelto | H86: 5 | I86: =IFERROR(VLOOKUP(Prestamos[[#This Row],[ID Libro]],Inventario_Libros!A:B,2,0),"Libro No Existe") -> La Sombra Del Viento | J86: =IFERROR(VLOOKUP(Prestamos[[#This Row],[ID Libro]],Inventario_Libros!A:C,3,0),"Libro No Existe") -> Carlos Ruiz Zafón | K86: =IFERROR(VLOOKUP(Prestamos[[#This Row],[ID Libro]],Inventario_Libros!A:D,4,0),"Libro No Existe") -> Misterio | L86: =IFERROR(VLOOKUP(Prestamos[[#This Row],[ID Libro]],Inventario_Libros!A:E,5,0),"Libro No Existe") -> 1923 | M86: =_xlfn.XLOOKUP(D:D,Inventario_Libros!A:A,Inventario_Libros!G:G,"No Existe",0) -> B-2 | N86: =IFERROR(VLOOKUP(Prestamos[[#This Row],[ID Libro]],Inventario_Libros!A:H,8,0),"Libro No Existe") -> Retirado
A87: Pr2186 | B87: 45760 | C87: No Asignado | D87: Lb1182 | E87: Pedro Sánchez | F87: Adulto | G87: Retrasado | H87: 3 | I87: =IFERROR(VLOOKUP(Prestamos[[#This Row],[ID Libro]],Inventario_Libros!A:B,2,0),"Libro No Existe") -> Crónica De Una Muerte Anunciada | J87: =IFERROR(VLOOKUP(Prestamos[[#This Row],[ID Libro]],Inventario_Libros!A:C,3,0),"Libro No Existe") -> Gabriel García Márquez | K87: =IFERROR(VLOOKUP(Prestamos[[#This Row],[ID Libro]],Inventario_Libros!A:D,4,0),"Libro No Existe") -> Novela | L87: =IFERROR(VLOOKUP(Prestamos[[#This Row],[ID Libro]],Inventario_Libros!A:E,5,0),"Libro No Existe") -> 1957 | M87: =_xlfn.XLOOKUP(D:D,Inventario_Libros!A:A,Inventario_Libros!G:G,"No Existe",0) -> Est-1 | N87: =IFERROR(VLOOKUP(Prestamos[[#This Row],[ID Libro]],Inventario_Libros!A:H,8,0),"Libro No Existe") -> Activo
A88: Pr2557 | B88: 45760 | C88: No Asignado | D88: Lb1172 | E88: Valentina Mora | F88: Estudiante | G88: Retrasado | H88: 5 | I88: =IFERROR(VLOOKUP(Prestamos[[#This Row],[ID Libro]],Inventario_Libros!A:B,2,0),"Libro No Existe") -> El Túnel | J88: =IFERROR(VLOOKUP(Prestamos[[#This Row],[ID Libro]],Inventario_Libros!A:C,3,0),"Libro No Existe") -> Ernesto Sabato | K88: =IFERROR(VLOOKUP(Prestamos[[#This Row],[ID Libro]],Inventario_Libros!A:D,4,0),"Libro No Existe") -> Novela | L88: =IFERROR(VLOOKUP(Prestamos[[#This Row],[ID Libro]],Inventario_Libros!A:E,5,0),"Libro No Existe") -> 1936 | M88: =_xlfn.XLOOKUP(D:D,Inventario_Libros!A:A,Inventario_Libros!G:G,"No Existe",0) -> A-1 | N88: =IFERROR(VLOOKUP(Prestamos[[#This Row],[ID Libro]],Inventario_Libros!A:H,8,0),"Libro No Existe") -> Retirado
A89: Pr2490 | B89: 45758 | C89: No Asignado | D89: Lb1127 | E89: María López | F89: Adulto | G89: Retrasado | H89: 3 | I89: =IFERROR(VLOOKUP(Prestamos[[#This Row],[ID Libro]],Inventario_Libros!A:B,2,0),"Libro No Existe") -> El Código Da Vinci | J89: =IFERROR(VLOOKUP(Prestamos[[#This Row],[ID Libro]],Inventario_Libros!A:C,3,0),"Libro No Existe") -> Dan Brown | K89: =IFERROR(VLOOKUP(Prestamos[[#This Row],[ID Libro]],Inventario_Libros!A:D,4,0),"Libro No Existe") -> Misterio | L89: =IFERROR(VLOOKUP(Prestamos[[#This Row],[ID Libro]],Inventario_Libros!A:E,5,0),"Libro No Existe") -> 1935 | M89: =_xlfn.XLOOKUP(D:D,Inventario_Libros!A:A,Inventario_Libros!G:G,"No Existe",0) -> A-1 | N89: =IFERROR(VLOOKUP(Prestamos[[#This Row],[ID Libro]],Inventario_Libros!A:H,8,0),"Libro No Existe") -> Retirado
A90: Pr2319 | B90: 45755 | C90: 45775 | D90: Lb1183 | E90: Andrés Gómez | F90: Niño | G90: Retrasado | H90: 5 | I90: =IFERROR(VLOOKUP(Prestamos[[#This Row],[ID Libro]],Inventario_Libros!A:B,2,0),"Libro No Existe") -> Ficciones | J90: =IFERROR(VLOOKUP(Prestamos[[#This Row],[ID Libro]],Inventario_Libros!A:C,3,0),"Libro No Existe") -> Jorge Luis Borges | K90: =IFERROR(VLOOKUP(Prestamos[[#This Row],[ID Libro]],Inventario_Libros!A:D,4,0),"Libro No Existe") -> Cuentos / Fantasía Metafísica | L90: =IFERROR(VLOOKUP(Prestamos[[#This Row],[ID Libro]],Inventario_Libros!A:E,5,0),"Libro No Existe") -> 2022 | M90: =_xlfn.XLOOKUP(D:D,Inventario_Libros!A:A,Inventario_Libros!G:G,"No Existe",0) -> A-1 | N90: =IFERROR(VLOOKUP(Prestamos[[#This Row],[ID Libro]],Inventario_Libros!A:H,8,0),"Libro No Existe") -> Retirado
A91: Pr2191 | B91: 45752 | C91: No Asignado | D91: Lb1031 | E91: Miguel Ángel | F91: Estudiante | G91: Retrasado | H91: 3 | I91: =IFERROR(VLOOKUP(Prestamos[[#This Row],[ID Libro]],Inventario_Libros!A:B,2,0),"Libro No Existe") -> Breve Historia Del Tiempo | J91: =IFERROR(VLOOKUP(Prestamos[[#This Row],[ID Libro]],Inventario_Libros!A:C,3,0),"Libro No Existe") -> Stephen Hawking | K91: =IFERROR(VLOOKUP(Prestamos[[#This Row],[ID Libro]],Inventario_Libros!A:D,4,0),"Libro No Existe") -> Divulgación Científica / Cosmología | L91: =IFERROR(VLOOKUP(Prestamos[[#This Row],[ID Libro]],Inventario_Libros!A:E,5,0),"Libro No Existe") -> 1889 | M91: =_xlfn.XLOOKUP(D:D,Inventario_Libros!A:A,Inventario_Libros!G:G,"No Existe",0) -> Est-1 | N91: =IFERROR(VLOOKUP(Prestamos[[#This Row],[ID Libro]],Inventario_Libros!A:H,8,0),"Libro No Existe") -> Retirado
A92: Pr2268 | B92: 45750 | C92: No Asignado | D92: Lb1155 | E92: Laura Ruiz | F92: Niño | G92: Devuelto | H92: 0 | I92: =IFERROR(VLOOKUP(Prestamos[[#This Row],[ID Libro]],Inventario_Libros!A:B,2,0),"Libro No Existe") -> Macbeth | J92: =IFERROR(VLOOKUP(Prestamos[[#This Row],[ID Libro]],Inventario_Libros!A:C,3,0),"Libro No Existe") -> William Shakespeare | K92: =IFERROR(VLOOKUP(Prestamos[[#This Row],[ID Libro]],Inventario_Libros!A:D,4,0),"Libro No Existe") -> Clásicos | L92: =IFERROR(VLOOKUP(Prestamos[[#This Row],[ID Libro]],Inventario_Libros!A:E,5,0),"Libro No Existe") -> 1996 | M92: =_xlfn.XLOOKUP(D:D,Inventario_Libros!A:A,Inventario_Libros!G:G,"No Existe",0) -> Est-1 | N92: =IFERROR(VLOOKUP(Prestamos[[#This Row],[ID Libro]],Inventario_Libros!A:H,8,0),"Libro No Existe") -> Retirado
A93: Pr2185 | B93: 45749 | C93: 45769 | D93: Lb1044 | E93: Valentina Mora | F93: Otros | G93: Retrasado | H93: 5 | I93: =IFERROR(VLOOKUP(Prestamos[[#This Row],[ID Libro]],Inventario_Libros!A:B,2,0),"Libro No Existe") -> Matadero Cinco | J93: =IFERROR(VLOOKUP(Prestamos[[#This Row],[ID Libro]],Inventario_Libros!A:C,3,0),"Libro No Existe") -> Kurt Vonnegut | K93: =IFERROR(VLOOKUP(Prestamos[[#This Row],[ID Libro]],Inventario_Libros!A:D,4,0),"Libro No Existe") -> Ciencia Ficción | L93: =IFERROR(VLOOKUP(Prestamos[[#This Row],[ID Libro]],Inventario_Libros!A:E,5,0),"Libro No Existe") -> 1977 | M93: =_xlfn.XLOOKUP(D:D,Inventario_Libros!A:A,Inventario_Libros!G:G,"No Existe",0) -> A-1 | N93: =IFERROR(VLOOKUP(Prestamos[[#This Row],[ID Libro]],Inventario_Libros!A:H,8,0),"Libro No Existe") -> Activo
A94: Pr2525 | B94: 45747 | C94: 45767 | D94: Lb1179 | E94: Noelia Martín | F94: Universidad | G94: Retrasado | H94: 5 | I94: =IFERROR(VLOOKUP(Prestamos[[#This Row],[ID Libro]],Inventario_Libros!A:B,2,0),"Libro No Existe") -> Orgullo Y Prejuicio | J94: =IFERROR(VLOOKUP(Prestamos[[#This Row],[ID Libro]],Inventario_Libros!A:C,3,0),"Libro No Existe") -> Jane Austen | K94: =IFERROR(VLOOKUP(Prestamos[[#This Row],[ID Libro]],Inventario_Libros!A:D,4,0),"Libro No Existe") -> Novela | L94: =IFERROR(VLOOKUP(Prestamos[[#This Row],[ID Libro]],Inventario_Libros!A:E,5,0),"Libro No Existe") -> 2019 | M94: =_xlfn.XLOOKUP(D:D,Inventario_Libros!A:A,Inventario_Libros!G:G,"No Existe",0) -> Est-1 | N94: =IFERROR(VLOOKUP(Prestamos[[#This Row],[ID Libro]],Inventario_Libros!A:H,8,0),"Libro No Existe") -> Retirado
A95: Pr2166 | B95: 45743 | C95: 45760 | D95: Lb1095 | E95: Andrés Gómez | F95: Adulto | G95: Retrasado | H95: 2 | I95: =IFERROR(VLOOKUP(Prestamos[[#This Row],[ID Libro]],Inventario_Libros!A:B,2,0),"Libro No Existe") -> Breve Historia Del Tiempo | J95: =IFERROR(VLOOKUP(Prestamos[[#This Row],[ID Libro]],Inventario_Libros!A:C,3,0),"Libro No Existe") -> Stephen Hawking | K95: =IFERROR(VLOOKUP(Prestamos[[#This Row],[ID Libro]],Inventario_Libros!A:D,4,0),"Libro No Existe") -> Divulgación Científica / Cosmología | L95: =IFERROR(VLOOKUP(Prestamos[[#This Row],[ID Libro]],Inventario_Libros!A:E,5,0),"Libro No Existe") -> 1909 | M95: =_xlfn.XLOOKUP(D:D,Inventario_Libros!A:A,Inventario_Libros!G:G,"No Existe",0) -> A-1 | N95: =IFERROR(VLOOKUP(Prestamos[[#This Row],[ID Libro]],Inventario_Libros!A:H,8,0),"Libro No Existe") -> Activo
A96: Pr2384 | B96: 45742 | C96: 45762 | D96: Lb1147 | E96: Pablo López | F96: Estudiante | G96: Retrasado | H96: 5 | I96: =IFERROR(VLOOKUP(Prestamos[[#This Row],[ID Libro]],Inventario_Libros!A:B,2,0),"Libro No Existe") -> El Amor En Los Tiempos Del Cólera | J96: =IFERROR(VLOOKUP(Prestamos[[#This Row],[ID Libro]],Inventario_Libros!A:C,3,0),"Libro No Existe") -> Gabriel García Márquez | K96: =IFERROR(VLOOKUP(Prestamos[[#This Row],[ID Libro]],Inventario_Libros!A:D,4,0),"Libro No Existe") -> Novela | L96: =IFERROR(VLOOKUP(Prestamos[[#This Row],[ID Libro]],Inventario_Libros!A:E,5,0),"Libro No Existe") -> 1887 | M96: =_xlfn.XLOOKUP(D:D,Inventario_Libros!A:A,Inventario_Libros!G:G,"No Existe",0) -> Est-1 | N96: =IFERROR(VLOOKUP(Prestamos[[#This Row],[ID Libro]],Inventario_Libros!A:H,8,0),"Libro No Existe") -> Activo
A97: Pr2140 | B97: 45740 | C97: 45760 | D97: Lb1003 | E97: Sofía Torres | F97: Adulto | G97: Retrasado | H97: 5 | I97: =IFERROR(VLOOKUP(Prestamos[[#This Row],[ID Libro]],Inventario_Libros!A:B,2,0),"Libro No Existe") -> Sobre La Felicidad | J97: =IFERROR(VLOOKUP(Prestamos[[#This Row],[ID Libro]],Inventario_Libros!A:C,3,0),"Libro No Existe") -> Lucio Anneo Séneca | K97: =IFERROR(VLOOKUP(Prestamos[[#This Row],[ID Libro]],Inventario_Libros!A:D,4,0),"Libro No Existe") -> Filosofía Y Pensamiento | L97: =IFERROR(VLOOKUP(Prestamos[[#This Row],[ID Libro]],Inventario_Libros!A:E,5,0),"Libro No Existe") -> 1903 | M97: =_xlfn.XLOOKUP(D:D,Inventario_Libros!A:A,Inventario_Libros!G:G,"No Existe",0) -> A-1 | N97: =IFERROR(VLOOKUP(Prestamos[[#This Row],[ID Libro]],Inventario_Libros!A:H,8,0),"Libro No Existe") -> Activo
A98: Pr2198 | B98: 45740 | C98: No Asignado | D98: Lb1107 | E98: Valentina Mora | F98: Estudiante | G98: Retrasado | H98: 3 | I98: =IFERROR(VLOOKUP(Prestamos[[#This Row],[ID Libro]],Inventario_Libros!A:B,2,0),"Libro No Existe") -> Orgullo Y Prejuicio | J98: =IFERROR(VLOOKUP(Prestamos[[#This Row],[ID Libro]],Inventario_Libros!A:C,3,0),"Libro No Existe") -> Jane Austen | K98: =IFERROR(VLOOKUP(Prestamos[[#This Row],[ID Libro]],Inventario_Libros!A:D,4,0),"Libro No Existe") -> Novela | L98: =IFERROR(VLOOKUP(Prestamos[[#This Row],[ID Libro]],Inventario_Libros!A:E,5,0),"Libro No Existe") -> 1934 | M98: =_xlfn.XLOOKUP(D:D,Inventario_Libros!A:A,Inventario_Libros!G:G,"No Existe",0) -> A-1 | N98: =IFERROR(VLOOKUP(Prestamos[[#This Row],[ID Libro]],Inventario_Libros!A:H,8,0),"Libro No Existe") -> Activo
A99: Pr2463 | B99: 45738 | C99: No Asignado | D99: Lb1018 | E99: Noelia Martín | F99: Adulto | G99: Devuelto | H99: 5 | I99: =IFERROR(VLOOKUP(Prestamos[[#This Row],[ID Libro]],Inventario_Libros!A:B,2,0),"Libro No Existe") -> Don Quijote De La Mancha | J99: =IFERROR(VLOOKUP(Prestamos[[#This Row],[ID Libro]],Inventario_Libros!A:C,3,0),"Libro No Existe") -> Miguel De Cervantes | K99: =IFERROR(VLOOKUP(Prestamos[[#This Row],[ID Libro]],Inventario_Libros!A:D,4,0),"Libro No Existe") -> Novela | L99: =IFERROR(VLOOKUP(Prestamos[[#This Row],[ID Libro]],Inventario_Libros!A:E,5,0),"Libro No Existe") -> 1926 | M99: =_xlfn.XLOOKUP(D:D,Inventario_Libros!A:A,Inventario_Libros!G:G,"No Existe",0) -> Est-1 | N99: =IFERROR(VLOOKUP(Prestamos[[#This Row],[ID Libro]],Inventario_Libros!A:H,8,0),"Libro No Existe") -> Activo
A100: Pr2209 | B100: 45735 | C100: No Asignado | D100: Lb1051 | E100: Pablo López | F100: Adulto | G100: Retrasado | H100: 3 | I100: =IFERROR(VLOOKUP(Prestamos[[#This Row],[ID Libro]],Inventario_Libros!A:B,2,0),"Libro No Existe") -> El Túnel | J100: =IFERROR(VLOOKUP(Prestamos[[#This Row],[ID Libro]],Inventario_Libros!A:C,3,0),"Libro No Existe") -> Ernesto Sabato | K100: =IFERROR(VLOOKUP(Prestamos[[#This Row],[ID Libro]],Inventario_Libros!A:D,4,0),"Libro No Existe") -> Novela | L100: =IFERROR(VLOOKUP(Prestamos[[#This Row],[ID Libro]],Inventario_Libros!A:E,5,0),"Libro No Existe") -> 1957 | M100: =_xlfn.XLOOKUP(D:D,Inventario_Libros!A:A,Inventario_Libros!G:G,"No Existe",0) -> Est-1 | N100: =IFERROR(VLOOKUP(Prestamos[[#This Row],[ID Libro]],Inventario_Libros!A:H,8,0),"Libro No Existe") -> Activo
...

Sheet Hoja1
A3: Etiquetas de fila | B3: Cuenta de ID Préstamo
A4: Adulto | B4: 194
A5: Estudiante | B5: 75
A6: Niño | B6: 132
A7: Otros | B7: 58
A8: Universidad | B8: 141
A9: Total general | B9: 600
A21: Etiquetas de fila | B21: Cuenta de ID Préstamo
A22: Devuelto | B22: 220
A23: Pendiente | B23: 120
A24: Retrasado | B24: 260
A25: Total general | B25: 600
A36: Etiquetas de fila | B36: Cuenta de ID Préstamo
A37: Trim.1 | B37: 184
A38: Trim.2 | B38: 140
A39: Trim.3 | B39: 160
A40: Trim.4 | B40: 116
A41: Total general | B41: 600
A55: Cuenta de ID Préstamo
A56: 600
B57: =GETPIVOTDATA("ID Préstamo",$A$55) -> 600

Sheet DashBoard
E1: Dashboard Este Es Un Ejemplo De Como Estructurar Un Panel De Control

Sheet Hoja1 (2)
A1: No Aportes | B1: Razon Social | C1: País | D1: Contacto | E1: Fp | F1: Compañía | G1: Fecha | H1: Aporte | I1: Bono | J1: Total
A2: 10375 | B2: Hungry Coyote Import Store | C2: Estados Unidos | D2: Camilo | E2: cheque | F2: TCC | G2: 41280 | H2: 321.92 | I2: 8.69184 | J2: 330.61184
A3: 10381 | B3: LILA-Supermercado | C3: Venezuela | D3: Camilo | E3: éfectivo | F3: DEPRISA | G3: 41286 | H3: 511.36 | I3: 17.38624 | J3: 528.74624
A4: 10391 | B4: Drachenblut Delikatessen | C4: Alemania | D4: Camilo | E4: éfectivo | F4: DEPRISA | G4: 41297 | H4: 348.8 | I4: 8.3712 | J4: 357.1712
A5: 10410 | B5: Bottom-Dollar Markets | C5: Canadá | D5: Camilo | E5: éfectivo | F5: DEPRISA | G5: 41315 | H5: 153.6 | I5: 5.5296 | J5: 159.1296
A6: 10432 | B6: Split Rail Beer & Ale | C6: Estados Unidos | D6: Camilo | E6: cheque | F6: TCC | G6: 41336 | H6: 277.76 | I6: 7.49952 | J6: 285.25952
A7: 10434 | B7: Folk och fä HB | C7: Suecia | D7: Camilo | E7: cheque | F7: TCC | G7: 41339 | H7: 286.72 | I7: 10.60864 | J7: 297.32864
A8: 10438 | B8: Toms Spezialitäten | C8: Alemania | D8: Camilo | E8: cheque | F8: TCC | G8: 41342 | H8: 527.36 | I8: 12.12928 | J8: 539.48928
A9: 10444 | B9: Berglunds snabbköp | C9: Suecia | D9: Camilo | E9: éfectivo | F9: DEPRISA | G9: 41348 | H9: 224 | I9: 8.512 | J9: 232.512
A10: 10449 | B10: Blondel père et fils | C10: Francia | D10: Camilo | E10: cheque | F10: TCC | G10: 41354 | H10: 852.8 | I10: 16.2032 | J10: 869.0032
A11: 10468 | B11: Königlich Essen | C11: Alemania | D11: Camilo | E11: éfectivo | F11: DEPRISA | G11: 41371 | H11: 705.92 | I11: 16.94208 | J11: 722.86208
A12: 10484 | B12: B's Beverages | C12: Reino Unido | D12: Camilo | E12: éfectivo | F12: DEPRISA | G12: 41388 | H12: 440.32 | I12: 14.09024 | J12: 454.41024
A13: 10495 | B13: Laughing Bacchus Wine Cellars | C13: Canadá | D13: Camilo | E13: éfectivo | F13: DEPRISA | G13: 41398 | H13: 297.6 | I13: 10.7136 | J13: 308.3136
... A168: 11077 | B168: Rattlesnake Canyon Grocery | C168: Estados Unidos | D168: Marcela | E168: cheque | F168: DEPRISA | G168: 41795 | H168: 545.92 | I168: 15.28576 | J168: 561.20576

Sheet Hoja2
A3: Etiquetas de fila | B3: Suma de Total
A4: Alemania | B4: 539.48928
A5: Argentina | B5: 645.34368
A6: Canadá | B6: 731.4552
A7: Estados Unidos | B7: 285.25952
A8: Francia | B8: 1456.9378
A9: Reino Unido | B9: 418.33856
A10: Suecia | B10: 529.84064
A11: Total general | B11: 4606.6646
A28: Etiquetas de fila | B28: Suma de Total
A29: Alemania | B29: 0.1171106
A30: Argentina | B30: 0.14008914
A31: Canadá | B31: 0.15878195
A32: Estados Unidos | B32: 0.061923223
A33: Francia | B33: 0.31626738
A34: Reino Unido | B34: 0.090811594
A35: Suecia | B35: 0.11501611
A36: Total general | B36: 1
A55: Suma de Total | B55: Etiquetas de columna
A56: Etiquetas de fila | B56: cheque | C56: éfectivo | D56: Total general
A57: Camilo | B57: 1991.0806 | C57: 232.512 | D57: 2223.5926
A58: Gladys | B58: 1785.8662 | C58: 178.8672 | D58: 1964.7334
A59: Marcela | B59: 418.33856 | D59: 418.33856
A60: Total general | B60: 4195.2854 | C60: 411.3792 | D60: 4606.6646

Sheet DashBoard (2)
A1: Dashboard Análisis De Datos - Aportes En Dolares
